<?xml version="1.0"?>
<?mso-application progid="Excel.Sheet"?>
<Workbook xmlns="urn:schemas-microsoft-com:office:spreadsheet"
 xmlns:o="urn:schemas-microsoft-com:office:office"
 xmlns:x="urn:schemas-microsoft-com:office:excel"
 xmlns:ss="urn:schemas-microsoft-com:office:spreadsheet"
 xmlns:html="http://www.w3.org/TR/REC-html40">
 <DocumentProperties xmlns="urn:schemas-microsoft-com:office:office">
  <LastAuthor>et</LastAuthor>
  <Created>2004-08-01T10:14:39Z</Created>
  <Version>11.5606</Version>
 </DocumentProperties>
 <OfficeDocumentSettings xmlns="urn:schemas-microsoft-com:office:office">
  <DoNotRelyOnCSS/>
 </OfficeDocumentSettings>
 <ExcelWorkbook xmlns="urn:schemas-microsoft-com:office:excel">
  <WindowHeight>12264</WindowHeight>
  <WindowWidth>18240</WindowWidth>
  <WindowTopX>480</WindowTopX>
  <WindowTopY>72</WindowTopY>
  <ProtectStructure>False</ProtectStructure>
  <ProtectWindows>False</ProtectWindows>
 </ExcelWorkbook>
 <Styles>
  <Style ss:ID="Default" ss:Name="Normal">
   <Alignment ss:Vertical="Bottom"/>
   <Borders/>
   <Font/>
   <Interior/>
   <NumberFormat/>
   <Protection/>
  </Style>
  <Style ss:ID="s21">
   <Alignment ss:Vertical="Bottom"/>
   <Font/>
   <Protection ss:Protected="0"/>
  </Style>
  <Style ss:ID="s22">
   <Alignment ss:Horizontal="Left" ss:Vertical="Bottom"/>
   <Font/>
   <Protection ss:Protected="0"/>
  </Style>
 </Styles>
 <Worksheet ss:Name="CONSOLE">
  <Table ss:ExpandedColumnCount="5" ss:ExpandedRowCount="19" x:FullColumns="1"
   x:FullRows="1" ss:DefaultColumnWidth="62.400000000000006"
   ss:DefaultRowHeight="13.2">
   <Column ss:AutoFitWidth="0" ss:Width="216"/>
   <Column ss:AutoFitWidth="0" ss:Width="211.8"/>
   <Column ss:AutoFitWidth="0" ss:Width="216"/>
   <Row ss:AutoFitHeight="0">
    <Cell><Data ss:Type="String">[ENGLISH]</Data></Cell>
    <Cell><Data ss:Type="String">[FRENCH]</Data></Cell>
    <Cell><Data ss:Type="String">[GERMAN]</Data></Cell>
    <Cell ss:StyleID="s21"><Data ss:Type="String">[RUSSIAN]</Data></Cell>
    <Cell ss:StyleID="s22"><Data ss:Type="String">[POLISH]</Data></Cell>
   </Row>
   <Row ss:AutoFitHeight="0">
    <Cell><Data ss:Type="String">[COMMON]</Data></Cell>
    <Cell><Data ss:Type="String">[COMMON]</Data></Cell>
    <Cell><Data ss:Type="String">[COMMON]</Data></Cell>
    <Cell ss:StyleID="s21"><Data ss:Type="String">[COMMON]</Data></Cell>
    <Cell ss:StyleID="s22"><Data ss:Type="String">[COMMON]</Data></Cell>
   </Row>
   <Row ss:AutoFitHeight="0">
    <Cell><Data ss:Type="String">Debug Console Version 0.5</Data></Cell>
    <Cell><Data ss:Type="String">Console de debugage Version 0.5</Data></Cell>
    <Cell><Data ss:Type="String">Debug Console Version 0.5</Data></Cell>
    <Cell><Data ss:Type="String">Debug Console Version 0.5</Data></Cell>
    <Cell><Data ss:Type="String">Debug Console Version 0.5</Data></Cell>
   </Row>
   <Row ss:AutoFitHeight="0">
    <Cell><Data ss:Type="String">All systems go</Data></Cell>
    <Cell><Data ss:Type="String">Tous les systèmes en marche</Data></Cell>
    <Cell><Data ss:Type="String">All systems go</Data></Cell>
    <Cell><Data ss:Type="String">All systems go</Data></Cell>
    <Cell><Data ss:Type="String">All systems go</Data></Cell>
   </Row>
   <Row ss:AutoFitHeight="0">
    <Cell><Data ss:Type="String">Fonts</Data></Cell>
    <Cell><Data ss:Type="String">Polices</Data></Cell>
    <Cell><Data ss:Type="String">Fonts</Data></Cell>
    <Cell><Data ss:Type="String">Fonts</Data></Cell>
    <Cell><Data ss:Type="String">Fonts</Data></Cell>
   </Row>
   <Row ss:AutoFitHeight="0">
    <Cell><Data ss:Type="String">Choose...</Data></Cell>
    <Cell><Data ss:Type="String">Choisir...</Data></Cell>
    <Cell><Data ss:Type="String">Choose...</Data></Cell>
    <Cell><Data ss:Type="String">Choose...</Data></Cell>
    <Cell><Data ss:Type="String">Choose...</Data></Cell>
   </Row>
   <Row ss:AutoFitHeight="0">
    <Cell><Data ss:Type="String">Bold</Data></Cell>
    <Cell><Data ss:Type="String">Gras</Data></Cell>
    <Cell><Data ss:Type="String">Bold</Data></Cell>
    <Cell><Data ss:Type="String">Bold</Data></Cell>
    <Cell><Data ss:Type="String">Bold</Data></Cell>
   </Row>
   <Row ss:AutoFitHeight="0">
    <Cell><Data ss:Type="String">Italics</Data></Cell>
    <Cell><Data ss:Type="String">Italic</Data></Cell>
    <Cell><Data ss:Type="String">Italics</Data></Cell>
    <Cell><Data ss:Type="String">Italics</Data></Cell>
    <Cell><Data ss:Type="String">Italics</Data></Cell>
   </Row>
   <Row ss:AutoFitHeight="0">
    <Cell><Data ss:Type="String">Window</Data></Cell>
    <Cell><Data ss:Type="String">Fenêtre</Data></Cell>
    <Cell><Data ss:Type="String">Window</Data></Cell>
    <Cell><Data ss:Type="String">Window</Data></Cell>
    <Cell><Data ss:Type="String">Window</Data></Cell>
   </Row>
   <Row ss:AutoFitHeight="0">
    <Cell><Data ss:Type="String">Transparent console</Data></Cell>
    <Cell><Data ss:Type="String">Transparente</Data></Cell>
    <Cell><Data ss:Type="String">Transparent console</Data></Cell>
    <Cell><Data ss:Type="String">Transparent console</Data></Cell>
    <Cell><Data ss:Type="String">Transparent console</Data></Cell>
   </Row>
   <Row ss:AutoFitHeight="0">
    <Cell><Data ss:Type="String">Opaque console</Data></Cell>
    <Cell><Data ss:Type="String">Opaque</Data></Cell>
    <Cell><Data ss:Type="String">Opaque console</Data></Cell>
    <Cell><Data ss:Type="String">Opaque console</Data></Cell>
    <Cell><Data ss:Type="String">Opaque console</Data></Cell>
   </Row>
   <Row ss:AutoFitHeight="0">
    <Cell><Data ss:Type="String">Solid console</Data></Cell>
    <Cell><Data ss:Type="String">Solide</Data></Cell>
    <Cell><Data ss:Type="String">Solid console</Data></Cell>
    <Cell><Data ss:Type="String">Solid console</Data></Cell>
    <Cell><Data ss:Type="String">Solid console</Data></Cell>
   </Row>
   <Row ss:AutoFitHeight="0">
    <Cell><Data ss:Type="String">Flush console</Data></Cell>
    <Cell><Data ss:Type="String">Vider la console</Data></Cell>
    <Cell><Data ss:Type="String">Flush console</Data></Cell>
    <Cell><Data ss:Type="String">Flush console</Data></Cell>
    <Cell><Data ss:Type="String">Flush console</Data></Cell>
   </Row>
   <Row ss:AutoFitHeight="0">
    <Cell><Data ss:Type="String">Auto flush</Data></Cell>
    <Cell><Data ss:Type="String">Vidage Automatique</Data></Cell>
    <Cell><Data ss:Type="String">Auto flush</Data></Cell>
    <Cell><Data ss:Type="String">Auto flush</Data></Cell>
    <Cell><Data ss:Type="String">Auto flush</Data></Cell>
   </Row>
   <Row ss:AutoFitHeight="0">
    <Cell><Data ss:Type="String">Auto pop to front</Data></Cell>
    <Cell><Data ss:Type="String">Auto priorité</Data></Cell>
    <Cell><Data ss:Type="String">Auto pop to front</Data></Cell>
    <Cell><Data ss:Type="String">Auto pop to front</Data></Cell>
    <Cell><Data ss:Type="String">Auto pop to front</Data></Cell>
   </Row>
   <Row ss:AutoFitHeight="0">
    <Cell><Data ss:Type="String">Hide titlebar</Data></Cell>
    <Cell><Data ss:Type="String">Cacher la barre de titre</Data></Cell>
    <Cell><Data ss:Type="String">Hide titlebar</Data></Cell>
    <Cell><Data ss:Type="String">Hide titlebar</Data></Cell>
    <Cell><Data ss:Type="String">Hide titlebar</Data></Cell>
   </Row>
   <Row ss:AutoFitHeight="0">
    <Cell><Data ss:Type="String">Hide border</Data></Cell>
    <Cell><Data ss:Type="String">Cacher les bords</Data></Cell>
    <Cell><Data ss:Type="String">Hide border</Data></Cell>
    <Cell><Data ss:Type="String">Hide border</Data></Cell>
    <Cell><Data ss:Type="String">Hide border</Data></Cell>
   </Row>
   <Row ss:AutoFitHeight="0">
    <Cell><Data ss:Type="String">Choose console font</Data></Cell>
    <Cell><Data ss:Type="String">Chosir la police pour la console</Data></Cell>
    <Cell><Data ss:Type="String">Choose console font</Data></Cell>
    <Cell><Data ss:Type="String">Choose console font</Data></Cell>
    <Cell><Data ss:Type="String">Choose console font</Data></Cell>
   </Row>
   <Row ss:AutoFitHeight="0">
    <Cell><Data ss:Type="String">Open</Data></Cell>
    <Cell><Data ss:Type="String">Ouvrir</Data></Cell>
    <Cell><Data ss:Type="String">Open</Data></Cell>
    <Cell><Data ss:Type="String">Open</Data></Cell>
    <Cell><Data ss:Type="String">Open</Data></Cell>
   </Row>
  </Table>
  <WorksheetOptions xmlns="urn:schemas-microsoft-com:office:excel">
   <PageSetup>
    <Header x:Margin="0.4921259845"/>
    <Footer x:Margin="0.4921259845"/>
    <PageMargins x:Bottom="0.984251969" x:Left="0.78740157499999996"
     x:Right="0.78740157499999996" x:Top="0.984251969"/>
   </PageSetup>
   <Unsynced/>
   <Selected/>
   <Panes>
    <Pane>
     <Number>3</Number>
     <ActiveCol>3</ActiveCol>
     <RangeSelection>R1C4:R2C5</RangeSelection>
    </Pane>
   </Panes>
   <ProtectObjects>False</ProtectObjects>
   <ProtectScenarios>False</ProtectScenarios>
  </WorksheetOptions>
 </Worksheet>
</Workbook>
