<?xml version="1.0"?>
<?mso-application progid="Excel.Sheet"?>
<Workbook xmlns="urn:schemas-microsoft-com:office:spreadsheet"
 xmlns:o="urn:schemas-microsoft-com:office:office"
 xmlns:x="urn:schemas-microsoft-com:office:excel"
 xmlns:ss="urn:schemas-microsoft-com:office:spreadsheet"
 xmlns:html="http://www.w3.org/TR/REC-html40">
 <DocumentProperties xmlns="urn:schemas-microsoft-com:office:office">
  <LastAuthor>et</LastAuthor>
  <Created>2004-08-01T11:26:37Z</Created>
  <Version>11.5703</Version>
 </DocumentProperties>
 <OfficeDocumentSettings xmlns="urn:schemas-microsoft-com:office:office">
  <DoNotRelyOnCSS/>
 </OfficeDocumentSettings>
 <ExcelWorkbook xmlns="urn:schemas-microsoft-com:office:excel">
  <WindowHeight>12270</WindowHeight>
  <WindowWidth>18240</WindowWidth>
  <WindowTopX>480</WindowTopX>
  <WindowTopY>75</WindowTopY>
  <ProtectStructure>False</ProtectStructure>
  <ProtectWindows>False</ProtectWindows>
 </ExcelWorkbook>
 <Styles>
  <Style ss:ID="Default" ss:Name="Normal">
   <Alignment ss:Vertical="Bottom"/>
   <Borders/>
   <Font/>
   <Interior/>
   <NumberFormat/>
   <Protection/>
  </Style>
  <Style ss:ID="s21">
   <Alignment ss:Vertical="Bottom"/>
   <Font/>
   <Protection ss:Protected="0"/>
  </Style>
  <Style ss:ID="s22">
   <Alignment ss:Horizontal="Left" ss:Vertical="Bottom"/>
   <Font/>
   <Protection ss:Protected="0"/>
  </Style>
 </Styles>
 <Worksheet ss:Name="Countries">
  <Table ss:ExpandedColumnCount="5" ss:ExpandedRowCount="47" x:FullColumns="1"
   x:FullRows="1" ss:DefaultColumnWidth="62.25" ss:DefaultRowHeight="13.3125">
   <Column ss:AutoFitWidth="0" ss:Width="151.5"/>
   <Column ss:AutoFitWidth="0" ss:Width="118.5"/>
   <Column ss:AutoFitWidth="0" ss:Width="151.5"/>
   <Column ss:AutoFitWidth="0" ss:Width="150.75"/>
   <Column ss:AutoFitWidth="0" ss:Width="160.5"/>
   <Row ss:AutoFitHeight="0">
    <Cell><Data ss:Type="String">[ENGLISH]</Data></Cell>
    <Cell><Data ss:Type="String">[FRENCH]</Data></Cell>
    <Cell><Data ss:Type="String">[GERMAN]</Data></Cell>
    <Cell ss:StyleID="s21"><Data ss:Type="String">[RUSSIAN]</Data></Cell>
    <Cell ss:StyleID="s22"><Data ss:Type="String">[POLISH]</Data></Cell>
   </Row>
   <Row ss:AutoFitHeight="0">
    <Cell><Data ss:Type="String">[COMMON]</Data></Cell>
    <Cell><Data ss:Type="String">[COMMON]</Data></Cell>
    <Cell><Data ss:Type="String">[COMMON]</Data></Cell>
    <Cell ss:StyleID="s21"><Data ss:Type="String">[COMMON]</Data></Cell>
    <Cell ss:StyleID="s22"><Data ss:Type="String">[COMMON]</Data></Cell>
   </Row>
   <Row ss:AutoFitHeight="0">
    <Cell><Data ss:Type="String">United Kingdom</Data></Cell>
    <Cell><Data ss:Type="String">Royaume Uni</Data></Cell>
    <Cell><Data ss:Type="String">United Kingdom</Data></Cell>
    <Cell><Data ss:Type="String">United Kingdom</Data></Cell>
    <Cell><Data ss:Type="String">United Kingdom</Data></Cell>
   </Row>
   <Row ss:AutoFitHeight="0">
    <Cell><Data ss:Type="String">France</Data></Cell>
    <Cell><Data ss:Type="String">France</Data></Cell>
    <Cell><Data ss:Type="String">France</Data></Cell>
    <Cell><Data ss:Type="String">France</Data></Cell>
    <Cell><Data ss:Type="String">France</Data></Cell>
   </Row>
   <Row ss:AutoFitHeight="0">
    <Cell><Data ss:Type="String">Spain</Data></Cell>
    <Cell><Data ss:Type="String">Espagne</Data></Cell>
    <Cell><Data ss:Type="String">Spain</Data></Cell>
    <Cell><Data ss:Type="String">Spain</Data></Cell>
    <Cell><Data ss:Type="String">Spain</Data></Cell>
   </Row>
   <Row ss:AutoFitHeight="0">
    <Cell><Data ss:Type="String">Germany</Data></Cell>
    <Cell><Data ss:Type="String">Allemagne</Data></Cell>
    <Cell><Data ss:Type="String">Deutchland</Data></Cell>
    <Cell><Data ss:Type="String">Germany</Data></Cell>
    <Cell><Data ss:Type="String">Germany</Data></Cell>
   </Row>
   <Row ss:AutoFitHeight="0">
    <Cell><Data ss:Type="String">Italy</Data></Cell>
    <Cell><Data ss:Type="String">Italie</Data></Cell>
    <Cell><Data ss:Type="String">Italy</Data></Cell>
    <Cell><Data ss:Type="String">Italy</Data></Cell>
    <Cell><Data ss:Type="String">Italy</Data></Cell>
   </Row>
   <Row ss:AutoFitHeight="0">
    <Cell><Data ss:Type="String">Japan</Data></Cell>
    <Cell><Data ss:Type="String">Japon</Data></Cell>
    <Cell><Data ss:Type="String">Japan</Data></Cell>
    <Cell><Data ss:Type="String">Japan</Data></Cell>
    <Cell><Data ss:Type="String">Japan</Data></Cell>
   </Row>
   <Row ss:AutoFitHeight="0">
    <Cell><Data ss:Type="String">Holland</Data></Cell>
    <Cell><Data ss:Type="String">Pays Bas</Data></Cell>
    <Cell><Data ss:Type="String">Holland</Data></Cell>
    <Cell><Data ss:Type="String">Holland</Data></Cell>
    <Cell><Data ss:Type="String">Holland</Data></Cell>
   </Row>
   <Row ss:AutoFitHeight="0">
    <Cell><Data ss:Type="String">USA</Data></Cell>
    <Cell><Data ss:Type="String">USA</Data></Cell>
    <Cell><Data ss:Type="String">USA</Data></Cell>
    <Cell><Data ss:Type="String">USA</Data></Cell>
    <Cell><Data ss:Type="String">USA</Data></Cell>
   </Row>
   <Row ss:AutoFitHeight="0">
    <Cell><Data ss:Type="String">China</Data></Cell>
    <Cell><Data ss:Type="String">Chine</Data></Cell>
    <Cell><Data ss:Type="String">China</Data></Cell>
    <Cell><Data ss:Type="String">China</Data></Cell>
    <Cell><Data ss:Type="String">China</Data></Cell>
   </Row>
   <Row ss:AutoFitHeight="0">
    <Cell><Data ss:Type="String">Ireland</Data></Cell>
    <Cell><Data ss:Type="String">Irelande</Data></Cell>
    <Cell><Data ss:Type="String">Ireland</Data></Cell>
    <Cell><Data ss:Type="String">Ireland</Data></Cell>
    <Cell><Data ss:Type="String">Ireland</Data></Cell>
   </Row>
   <Row ss:AutoFitHeight="0">
    <Cell><Data ss:Type="String">Russia</Data></Cell>
    <Cell><Data ss:Type="String">Russie</Data></Cell>
    <Cell><Data ss:Type="String">Russia</Data></Cell>
    <Cell><Data ss:Type="String">Russia</Data></Cell>
    <Cell><Data ss:Type="String">Russia</Data></Cell>
   </Row>
   <Row ss:AutoFitHeight="0">
    <Cell><Data ss:Type="String">Kenya</Data></Cell>
    <Cell><Data ss:Type="String">Kenya</Data></Cell>
    <Cell><Data ss:Type="String">Kenya</Data></Cell>
    <Cell><Data ss:Type="String">Kenya</Data></Cell>
    <Cell><Data ss:Type="String">Kenya</Data></Cell>
   </Row>
   <Row ss:AutoFitHeight="0">
    <Cell><Data ss:Type="String">Scotland</Data></Cell>
    <Cell><Data ss:Type="String">Ecosse</Data></Cell>
    <Cell><Data ss:Type="String">Scotland</Data></Cell>
    <Cell><Data ss:Type="String">Scotland</Data></Cell>
    <Cell><Data ss:Type="String">Scotland</Data></Cell>
   </Row>
   <Row ss:AutoFitHeight="0">
    <Cell><Data ss:Type="String">Gibraltar</Data></Cell>
    <Cell><Data ss:Type="String">Gibraltar</Data></Cell>
    <Cell><Data ss:Type="String">Gibraltar</Data></Cell>
    <Cell><Data ss:Type="String">Gibraltar</Data></Cell>
    <Cell><Data ss:Type="String">Gibraltar</Data></Cell>
   </Row>
   <Row ss:AutoFitHeight="0">
    <Cell><Data ss:Type="String">Wales</Data></Cell>
    <Cell><Data ss:Type="String">Pays de Galle</Data></Cell>
    <Cell><Data ss:Type="String">Wales</Data></Cell>
    <Cell><Data ss:Type="String">Wales</Data></Cell>
    <Cell><Data ss:Type="String">Wales</Data></Cell>
   </Row>
   <Row ss:AutoFitHeight="0">
    <Cell><Data ss:Type="String">Norway</Data></Cell>
    <Cell><Data ss:Type="String">Norvège</Data></Cell>
    <Cell><Data ss:Type="String">Norway</Data></Cell>
    <Cell><Data ss:Type="String">Norway</Data></Cell>
    <Cell><Data ss:Type="String">Norway</Data></Cell>
   </Row>
   <Row ss:AutoFitHeight="0">
    <Cell><Data ss:Type="String">Brixton</Data></Cell>
    <Cell><Data ss:Type="String">Brixton</Data></Cell>
    <Cell><Data ss:Type="String">Brixton</Data></Cell>
    <Cell><Data ss:Type="String">Brixton</Data></Cell>
    <Cell><Data ss:Type="String">Brixton</Data></Cell>
   </Row>
   <Row ss:AutoFitHeight="0">
    <Cell><Data ss:Type="String">New Zealand</Data></Cell>
    <Cell><Data ss:Type="String">Nouvelle Zélande</Data></Cell>
    <Cell><Data ss:Type="String">New Zealand</Data></Cell>
    <Cell><Data ss:Type="String">New Zealand</Data></Cell>
    <Cell><Data ss:Type="String">New Zealand</Data></Cell>
   </Row>
   <Row ss:AutoFitHeight="0">
    <Cell><Data ss:Type="String">Czech Republic</Data></Cell>
    <Cell><Data ss:Type="String">Republique Tcheque</Data></Cell>
    <Cell><Data ss:Type="String">Czech Republic</Data></Cell>
    <Cell><Data ss:Type="String">Czech Republic</Data></Cell>
    <Cell><Data ss:Type="String">Czech Republic</Data></Cell>
   </Row>
   <Row ss:AutoFitHeight="0">
    <Cell><Data ss:Type="String">Canada</Data></Cell>
    <Cell><Data ss:Type="String">Canada</Data></Cell>
    <Cell><Data ss:Type="String">Canada</Data></Cell>
    <Cell><Data ss:Type="String">Canada</Data></Cell>
    <Cell><Data ss:Type="String">Canada</Data></Cell>
   </Row>
   <Row ss:AutoFitHeight="0">
    <Cell><Data ss:Type="String">Belgium</Data></Cell>
    <Cell><Data ss:Type="String">Belgique</Data></Cell>
    <Cell><Data ss:Type="String">Belgium</Data></Cell>
    <Cell><Data ss:Type="String">Belgium</Data></Cell>
    <Cell><Data ss:Type="String">Belgium</Data></Cell>
   </Row>
   <Row ss:AutoFitHeight="0">
    <Cell><Data ss:Type="String">Malibu</Data></Cell>
    <Cell><Data ss:Type="String">Malibu</Data></Cell>
    <Cell><Data ss:Type="String">Malibu</Data></Cell>
    <Cell><Data ss:Type="String">Malibu</Data></Cell>
    <Cell><Data ss:Type="String">Malibu</Data></Cell>
   </Row>
   <Row ss:AutoFitHeight="0">
    <Cell><Data ss:Type="String">Finland</Data></Cell>
    <Cell><Data ss:Type="String">Finlande</Data></Cell>
    <Cell><Data ss:Type="String">Finland</Data></Cell>
    <Cell><Data ss:Type="String">Finland</Data></Cell>
    <Cell><Data ss:Type="String">Finland</Data></Cell>
   </Row>
   <Row ss:AutoFitHeight="0">
    <Cell><Data ss:Type="String">Mexico</Data></Cell>
    <Cell><Data ss:Type="String">Mexique</Data></Cell>
    <Cell><Data ss:Type="String">Mexico</Data></Cell>
    <Cell><Data ss:Type="String">Mexico</Data></Cell>
    <Cell><Data ss:Type="String">Mexico</Data></Cell>
   </Row>
   <Row ss:AutoFitHeight="0">
    <Cell><Data ss:Type="String">Austria</Data></Cell>
    <Cell><Data ss:Type="String">Autriche</Data></Cell>
    <Cell><Data ss:Type="String">Austria</Data></Cell>
    <Cell><Data ss:Type="String">Austria</Data></Cell>
    <Cell><Data ss:Type="String">Austria</Data></Cell>
   </Row>
   <Row ss:AutoFitHeight="0">
    <Cell><Data ss:Type="String">Hawaii</Data></Cell>
    <Cell><Data ss:Type="String">Hawaii</Data></Cell>
    <Cell><Data ss:Type="String">Hawaii</Data></Cell>
    <Cell><Data ss:Type="String">Hawaii</Data></Cell>
    <Cell><Data ss:Type="String">Hawaii</Data></Cell>
   </Row>
   <Row ss:AutoFitHeight="0">
    <Cell><Data ss:Type="String">Algeria</Data></Cell>
    <Cell><Data ss:Type="String">Algérie</Data></Cell>
    <Cell><Data ss:Type="String">Algeria</Data></Cell>
    <Cell><Data ss:Type="String">Algeria</Data></Cell>
    <Cell><Data ss:Type="String">Algeria</Data></Cell>
   </Row>
   <Row ss:AutoFitHeight="0">
    <Cell><Data ss:Type="String">Argentina</Data></Cell>
    <Cell><Data ss:Type="String">Argentine</Data></Cell>
    <Cell><Data ss:Type="String">Argentina</Data></Cell>
    <Cell><Data ss:Type="String">Argentina</Data></Cell>
    <Cell><Data ss:Type="String">Argentina</Data></Cell>
   </Row>
   <Row ss:AutoFitHeight="0">
    <Cell><Data ss:Type="String">Colombia</Data></Cell>
    <Cell><Data ss:Type="String">Colombie</Data></Cell>
    <Cell><Data ss:Type="String">Colombia</Data></Cell>
    <Cell><Data ss:Type="String">Colombia</Data></Cell>
    <Cell><Data ss:Type="String">Colombia</Data></Cell>
   </Row>
   <Row ss:AutoFitHeight="0">
    <Cell><Data ss:Type="String">Australia</Data></Cell>
    <Cell><Data ss:Type="String">Australie</Data></Cell>
    <Cell><Data ss:Type="String">Australia</Data></Cell>
    <Cell><Data ss:Type="String">Australia</Data></Cell>
    <Cell><Data ss:Type="String">Australia</Data></Cell>
   </Row>
   <Row ss:AutoFitHeight="0">
    <Cell><Data ss:Type="String">Switzerland</Data></Cell>
    <Cell><Data ss:Type="String">Suisse</Data></Cell>
    <Cell><Data ss:Type="String">Schweiz</Data></Cell>
    <Cell><Data ss:Type="String">Switzerland</Data></Cell>
    <Cell><Data ss:Type="String">Switzerland</Data></Cell>
   </Row>
   <Row ss:AutoFitHeight="0">
    <Cell><Data ss:Type="String">Lebanon</Data></Cell>
    <Cell><Data ss:Type="String">Liban</Data></Cell>
    <Cell><Data ss:Type="String">Lebanon</Data></Cell>
    <Cell><Data ss:Type="String">Lebanon</Data></Cell>
    <Cell><Data ss:Type="String">Lebanon</Data></Cell>
   </Row>
   <Row ss:AutoFitHeight="0">
    <Cell><Data ss:Type="String">Congo</Data></Cell>
    <Cell><Data ss:Type="String">Congo</Data></Cell>
    <Cell><Data ss:Type="String">Congo</Data></Cell>
    <Cell><Data ss:Type="String">Congo</Data></Cell>
    <Cell><Data ss:Type="String">Congo</Data></Cell>
   </Row>
   <Row ss:AutoFitHeight="0">
    <Cell><Data ss:Type="String">Brazil</Data></Cell>
    <Cell><Data ss:Type="String">Brésil</Data></Cell>
    <Cell><Data ss:Type="String">Brazil</Data></Cell>
    <Cell><Data ss:Type="String">Brazil</Data></Cell>
    <Cell><Data ss:Type="String">Brazil</Data></Cell>
   </Row>
   <Row ss:AutoFitHeight="0">
    <Cell><Data ss:Type="String">South Africa</Data></Cell>
    <Cell><Data ss:Type="String">Afrique du sud</Data></Cell>
    <Cell><Data ss:Type="String">South Africa</Data></Cell>
    <Cell><Data ss:Type="String">South Africa</Data></Cell>
    <Cell><Data ss:Type="String">South Africa</Data></Cell>
   </Row>
   <Row ss:AutoFitHeight="0">
    <Cell><Data ss:Type="String">Vatican</Data></Cell>
    <Cell><Data ss:Type="String">Vatican</Data></Cell>
    <Cell><Data ss:Type="String">Vatican</Data></Cell>
    <Cell><Data ss:Type="String">Vatican</Data></Cell>
    <Cell><Data ss:Type="String">Vatican</Data></Cell>
   </Row>
   <Row ss:AutoFitHeight="0">
    <Cell><Data ss:Type="String">Sweden</Data></Cell>
    <Cell><Data ss:Type="String">Suède</Data></Cell>
    <Cell><Data ss:Type="String">Sweden</Data></Cell>
    <Cell><Data ss:Type="String">Sweden</Data></Cell>
    <Cell><Data ss:Type="String">Sweden</Data></Cell>
   </Row>
   <Row ss:AutoFitHeight="0">
    <Cell><Data ss:Type="String">Dimension X</Data></Cell>
    <Cell><Data ss:Type="String">Dimension X</Data></Cell>
    <Cell><Data ss:Type="String">Dimension X</Data></Cell>
    <Cell><Data ss:Type="String">Dimension X</Data></Cell>
    <Cell><Data ss:Type="String">Dimension X</Data></Cell>
   </Row>
   <Row ss:AutoFitHeight="0">
    <Cell><Data ss:Type="String">India</Data></Cell>
    <Cell><Data ss:Type="String">Inde</Data></Cell>
    <Cell><Data ss:Type="String">India</Data></Cell>
    <Cell><Data ss:Type="String">India</Data></Cell>
    <Cell><Data ss:Type="String">India</Data></Cell>
   </Row>
   <Row ss:AutoFitHeight="0">
    <Cell><Data ss:Type="String">Iceland</Data></Cell>
    <Cell><Data ss:Type="String">Islande</Data></Cell>
    <Cell><Data ss:Type="String">Iceland</Data></Cell>
    <Cell><Data ss:Type="String">Iceland</Data></Cell>
    <Cell><Data ss:Type="String">Iceland</Data></Cell>
   </Row>
   <Row ss:AutoFitHeight="0">
    <Cell><Data ss:Type="String">Zimbabwe</Data></Cell>
    <Cell><Data ss:Type="String">Zimbabwe</Data></Cell>
    <Cell><Data ss:Type="String">Zimbabwe</Data></Cell>
    <Cell><Data ss:Type="String">Zimbabwe</Data></Cell>
    <Cell><Data ss:Type="String">Zimbabwe</Data></Cell>
   </Row>
   <Row ss:AutoFitHeight="0">
    <Cell><Data ss:Type="String">Israel</Data></Cell>
    <Cell><Data ss:Type="String">Israel</Data></Cell>
    <Cell><Data ss:Type="String">Israel</Data></Cell>
    <Cell><Data ss:Type="String">Israel</Data></Cell>
    <Cell><Data ss:Type="String">Israel</Data></Cell>
   </Row>
   <Row ss:AutoFitHeight="0">
    <Cell><Data ss:Type="String">Khazakstan</Data></Cell>
    <Cell><Data ss:Type="String">Khazakstan</Data></Cell>
    <Cell><Data ss:Type="String">Khazakstan</Data></Cell>
    <Cell><Data ss:Type="String">Khazakstan</Data></Cell>
    <Cell><Data ss:Type="String">Khazakstan</Data></Cell>
   </Row>
   <Row ss:AutoFitHeight="0">
    <Cell><Data ss:Type="String">Greenland</Data></Cell>
    <Cell><Data ss:Type="String">Goënland</Data></Cell>
    <Cell><Data ss:Type="String">Greenland</Data></Cell>
    <Cell><Data ss:Type="String">Greenland</Data></Cell>
    <Cell><Data ss:Type="String">Greenland</Data></Cell>
   </Row>
   <Row ss:AutoFitHeight="0">
    <Cell><Data ss:Type="String">Poland</Data></Cell>
    <Cell><Data ss:Type="String">Pologne</Data></Cell>
    <Cell><Data ss:Type="String">Poland</Data></Cell>
    <Cell><Data ss:Type="String">Poland</Data></Cell>
    <Cell><Data ss:Type="String">Poland</Data></Cell>
   </Row>
  </Table>
  <WorksheetOptions xmlns="urn:schemas-microsoft-com:office:excel">
   <PageSetup>
    <Header x:Margin="0.4921259845"/>
    <Footer x:Margin="0.4921259845"/>
    <PageMargins x:Bottom="0.984251969" x:Left="0.78740157499999996"
     x:Right="0.78740157499999996" x:Top="0.984251969"/>
   </PageSetup>
   <Unsynced/>
   <Selected/>
   <Panes>
    <Pane>
     <Number>3</Number>
     <ActiveRow>17</ActiveRow>
     <ActiveCol>1</ActiveCol>
    </Pane>
   </Panes>
   <ProtectObjects>False</ProtectObjects>
   <ProtectScenarios>False</ProtectScenarios>
  </WorksheetOptions>
 </Worksheet>
</Workbook>
