<?xml version="1.0"?>
<?mso-application progid="Excel.Sheet"?>
<Workbook xmlns="urn:schemas-microsoft-com:office:spreadsheet"
 xmlns:o="urn:schemas-microsoft-com:office:office"
 xmlns:x="urn:schemas-microsoft-com:office:excel"
 xmlns:ss="urn:schemas-microsoft-com:office:spreadsheet"
 xmlns:html="http://www.w3.org/TR/REC-html40">
 <DocumentProperties xmlns="urn:schemas-microsoft-com:office:office">
  <LastAuthor>et</LastAuthor>
  <Created>2004-08-01T10:15:56Z</Created>
  <Version>11.5606</Version>
 </DocumentProperties>
 <OfficeDocumentSettings xmlns="urn:schemas-microsoft-com:office:office">
  <DoNotRelyOnCSS/>
 </OfficeDocumentSettings>
 <ExcelWorkbook xmlns="urn:schemas-microsoft-com:office:excel">
  <WindowHeight>10170</WindowHeight>
  <WindowWidth>11625</WindowWidth>
  <WindowTopX>0</WindowTopX>
  <WindowTopY>1305</WindowTopY>
  <ProtectStructure>False</ProtectStructure>
  <ProtectWindows>False</ProtectWindows>
 </ExcelWorkbook>
 <Styles>
  <Style ss:ID="Default" ss:Name="Normal">
   <Alignment ss:Vertical="Bottom"/>
   <Borders/>
   <Font/>
   <Interior/>
   <NumberFormat/>
   <Protection/>
  </Style>
  <Style ss:ID="s21">
   <Alignment ss:Vertical="Bottom"/>
   <Font/>
   <Protection ss:Protected="0"/>
  </Style>
  <Style ss:ID="s22">
   <Alignment ss:Horizontal="Left" ss:Vertical="Bottom"/>
   <Font/>
   <Protection ss:Protected="0"/>
  </Style>
 </Styles>
 <Worksheet ss:Name="EXEC">
  <Table ss:ExpandedColumnCount="5" ss:ExpandedRowCount="47" x:FullColumns="1"
   x:FullRows="1" ss:DefaultColumnWidth="62.25" ss:DefaultRowHeight="13.3125">
   <Column ss:AutoFitWidth="0" ss:Width="178.5"/>
   <Column ss:AutoFitWidth="0" ss:Width="159"/>
   <Column ss:AutoFitWidth="0" ss:Width="178.5"/>
   <Column ss:AutoFitWidth="0" ss:Width="168"/>
   <Column ss:AutoFitWidth="0" ss:Width="133.5"/>
   <Row ss:AutoFitHeight="0">
    <Cell><Data ss:Type="String">[ENGLISH]</Data></Cell>
    <Cell><Data ss:Type="String">[FRENCH]</Data></Cell>
    <Cell><Data ss:Type="String">[GERMAN]</Data></Cell>
    <Cell ss:StyleID="s21"><Data ss:Type="String">[RUSSIAN]</Data></Cell>
    <Cell ss:StyleID="s22"><Data ss:Type="String">[POLISH]</Data></Cell>
   </Row>
   <Row ss:AutoFitHeight="0">
    <Cell><Data ss:Type="String">[TIMEUNITS]</Data></Cell>
    <Cell><Data ss:Type="String">[TIMEUNITS]</Data></Cell>
    <Cell><Data ss:Type="String">[TIMEUNITS]</Data></Cell>
    <Cell><Data ss:Type="String">[TIMEUNITS]</Data></Cell>
    <Cell><Data ss:Type="String">[TIMEUNITS]</Data></Cell>
   </Row>
   <Row ss:AutoFitHeight="0">
    <Cell><Data ss:Type="String">ms</Data></Cell>
    <Cell><Data ss:Type="String">ms</Data></Cell>
    <Cell><Data ss:Type="String">ms</Data></Cell>
    <Cell><Data ss:Type="String">ms</Data></Cell>
    <Cell><Data ss:Type="String">ms</Data></Cell>
   </Row>
   <Row ss:AutoFitHeight="0">
    <Cell><Data ss:Type="String">seconds</Data></Cell>
    <Cell><Data ss:Type="String">secondes</Data></Cell>
    <Cell><Data ss:Type="String">seconds</Data></Cell>
    <Cell><Data ss:Type="String">seconds</Data></Cell>
    <Cell><Data ss:Type="String">seconds</Data></Cell>
   </Row>
   <Row ss:AutoFitHeight="0">
    <Cell><Data ss:Type="String">minutes</Data></Cell>
    <Cell><Data ss:Type="String">minutes</Data></Cell>
    <Cell><Data ss:Type="String">minutes</Data></Cell>
    <Cell><Data ss:Type="String">minutes</Data></Cell>
    <Cell><Data ss:Type="String">minutes</Data></Cell>
   </Row>
   <Row ss:AutoFitHeight="0">
    <Cell><Data ss:Type="String">hours</Data></Cell>
    <Cell><Data ss:Type="String">heures</Data></Cell>
    <Cell><Data ss:Type="String">hours</Data></Cell>
    <Cell><Data ss:Type="String">hours</Data></Cell>
    <Cell><Data ss:Type="String">hours</Data></Cell>
   </Row>
   <Row ss:AutoFitHeight="0">
    <Cell><Data ss:Type="String">ms</Data></Cell>
    <Cell><Data ss:Type="String">ms</Data></Cell>
    <Cell><Data ss:Type="String">ms</Data></Cell>
    <Cell><Data ss:Type="String">ms</Data></Cell>
    <Cell><Data ss:Type="String">ms</Data></Cell>
   </Row>
   <Row ss:AutoFitHeight="0">
    <Cell><Data ss:Type="String">second</Data></Cell>
    <Cell><Data ss:Type="String">seconde</Data></Cell>
    <Cell><Data ss:Type="String">second</Data></Cell>
    <Cell><Data ss:Type="String">second</Data></Cell>
    <Cell><Data ss:Type="String">second</Data></Cell>
   </Row>
   <Row ss:AutoFitHeight="0">
    <Cell><Data ss:Type="String">minute</Data></Cell>
    <Cell><Data ss:Type="String">minute</Data></Cell>
    <Cell><Data ss:Type="String">minute</Data></Cell>
    <Cell><Data ss:Type="String">minute</Data></Cell>
    <Cell><Data ss:Type="String">minute</Data></Cell>
   </Row>
   <Row ss:AutoFitHeight="0">
    <Cell><Data ss:Type="String">hour</Data></Cell>
    <Cell><Data ss:Type="String">heure</Data></Cell>
    <Cell><Data ss:Type="String">hour</Data></Cell>
    <Cell><Data ss:Type="String">hour</Data></Cell>
    <Cell><Data ss:Type="String">hour</Data></Cell>
   </Row>
   <Row ss:AutoFitHeight="0">
    <Cell><Data ss:Type="String">[MEMUNITS]</Data></Cell>
    <Cell><Data ss:Type="String">[MEMUNITS]</Data></Cell>
    <Cell><Data ss:Type="String">[MEMUNITS]</Data></Cell>
    <Cell><Data ss:Type="String">[MEMUNITS]</Data></Cell>
    <Cell><Data ss:Type="String">[MEMUNITS]</Data></Cell>
   </Row>
   <Row ss:AutoFitHeight="0">
    <Cell><Data ss:Type="String">bytes</Data></Cell>
    <Cell><Data ss:Type="String">octets</Data></Cell>
    <Cell><Data ss:Type="String">bytes</Data></Cell>
    <Cell><Data ss:Type="String">bytes</Data></Cell>
    <Cell><Data ss:Type="String">bytes</Data></Cell>
   </Row>
   <Row ss:AutoFitHeight="0">
    <Cell><Data ss:Type="String">Kb</Data></Cell>
    <Cell><Data ss:Type="String">Ko</Data></Cell>
    <Cell><Data ss:Type="String">Kb</Data></Cell>
    <Cell><Data ss:Type="String">Kb</Data></Cell>
    <Cell><Data ss:Type="String">Kb</Data></Cell>
   </Row>
   <Row ss:AutoFitHeight="0">
    <Cell><Data ss:Type="String">Mb</Data></Cell>
    <Cell><Data ss:Type="String">Mo</Data></Cell>
    <Cell><Data ss:Type="String">Mb</Data></Cell>
    <Cell><Data ss:Type="String">Mb</Data></Cell>
    <Cell><Data ss:Type="String">Mb</Data></Cell>
   </Row>
   <Row ss:AutoFitHeight="0">
    <Cell><Data ss:Type="String">Gb</Data></Cell>
    <Cell><Data ss:Type="String">Go</Data></Cell>
    <Cell><Data ss:Type="String">Gb</Data></Cell>
    <Cell><Data ss:Type="String">Gb</Data></Cell>
    <Cell><Data ss:Type="String">Gb</Data></Cell>
   </Row>
   <Row ss:AutoFitHeight="0">
    <Cell><Data ss:Type="String">Tb</Data></Cell>
    <Cell><Data ss:Type="String">To</Data></Cell>
    <Cell><Data ss:Type="String">Tb</Data></Cell>
    <Cell><Data ss:Type="String">Tb</Data></Cell>
    <Cell><Data ss:Type="String">Tb</Data></Cell>
   </Row>
   <Row ss:AutoFitHeight="0">
    <Cell><Data ss:Type="String">Zb</Data></Cell>
    <Cell><Data ss:Type="String">Zo</Data></Cell>
    <Cell><Data ss:Type="String">Zb</Data></Cell>
    <Cell><Data ss:Type="String">Zb</Data></Cell>
    <Cell><Data ss:Type="String">Zb</Data></Cell>
   </Row>
   <Row ss:AutoFitHeight="0">
    <Cell><Data ss:Type="String">[NOMINALUNITS]</Data></Cell>
    <Cell><Data ss:Type="String">[NOMINALUNITS]</Data></Cell>
    <Cell><Data ss:Type="String">[NOMINALUNITS]</Data></Cell>
    <Cell><Data ss:Type="String">[NOMINALUNITS]</Data></Cell>
    <Cell><Data ss:Type="String">[NOMINALUNITS]</Data></Cell>
   </Row>
   <Row ss:AutoFitHeight="0">
    <Cell><Data ss:Type="String">st</Data></Cell>
    <Cell><Data ss:Type="String">er</Data></Cell>
    <Cell><Data ss:Type="String">ste</Data></Cell>
    <Cell><Data ss:Type="String">st</Data></Cell>
    <Cell><Data ss:Type="String">st</Data></Cell>
   </Row>
   <Row ss:AutoFitHeight="0">
    <Cell><Data ss:Type="String">nd</Data></Cell>
    <Cell><Data ss:Type="String">ème</Data></Cell>
    <Cell><Data ss:Type="String">te</Data></Cell>
    <Cell><Data ss:Type="String">nd</Data></Cell>
    <Cell><Data ss:Type="String">nd</Data></Cell>
   </Row>
   <Row ss:AutoFitHeight="0">
    <Cell><Data ss:Type="String">rd</Data></Cell>
    <Cell><Data ss:Type="String">ème</Data></Cell>
    <Cell><Data ss:Type="String">te</Data></Cell>
    <Cell><Data ss:Type="String">rd</Data></Cell>
    <Cell><Data ss:Type="String">rd</Data></Cell>
   </Row>
   <Row ss:AutoFitHeight="0">
    <Cell><Data ss:Type="String">th</Data></Cell>
    <Cell><Data ss:Type="String">ème</Data></Cell>
    <Cell><Data ss:Type="String">te</Data></Cell>
    <Cell><Data ss:Type="String">th</Data></Cell>
    <Cell><Data ss:Type="String">th</Data></Cell>
   </Row>
   <Row ss:AutoFitHeight="0">
    <Cell><Data ss:Type="String">[DATE]</Data></Cell>
    <Cell><Data ss:Type="String">[DATE]</Data></Cell>
    <Cell><Data ss:Type="String">[DATE]</Data></Cell>
    <Cell><Data ss:Type="String">[DATE]</Data></Cell>
    <Cell><Data ss:Type="String">[DATE]</Data></Cell>
   </Row>
   <Row ss:AutoFitHeight="0">
    <Cell><Data ss:Type="String">January</Data></Cell>
    <Cell><Data ss:Type="String">Janvier</Data></Cell>
    <Cell><Data ss:Type="String">January</Data></Cell>
    <Cell><Data ss:Type="String">January</Data></Cell>
    <Cell><Data ss:Type="String">January</Data></Cell>
   </Row>
   <Row ss:AutoFitHeight="0">
    <Cell><Data ss:Type="String">Febuary</Data></Cell>
    <Cell><Data ss:Type="String">Fevrier</Data></Cell>
    <Cell><Data ss:Type="String">Febuary</Data></Cell>
    <Cell><Data ss:Type="String">Febuary</Data></Cell>
    <Cell><Data ss:Type="String">Febuary</Data></Cell>
   </Row>
   <Row ss:AutoFitHeight="0">
    <Cell><Data ss:Type="String">March</Data></Cell>
    <Cell><Data ss:Type="String">Mars</Data></Cell>
    <Cell><Data ss:Type="String">March</Data></Cell>
    <Cell><Data ss:Type="String">March</Data></Cell>
    <Cell><Data ss:Type="String">March</Data></Cell>
   </Row>
   <Row ss:AutoFitHeight="0">
    <Cell><Data ss:Type="String">April</Data></Cell>
    <Cell><Data ss:Type="String">Avril</Data></Cell>
    <Cell><Data ss:Type="String">April</Data></Cell>
    <Cell><Data ss:Type="String">April</Data></Cell>
    <Cell><Data ss:Type="String">April</Data></Cell>
   </Row>
   <Row ss:AutoFitHeight="0">
    <Cell><Data ss:Type="String">May</Data></Cell>
    <Cell><Data ss:Type="String">Mai</Data></Cell>
    <Cell><Data ss:Type="String">May</Data></Cell>
    <Cell><Data ss:Type="String">May</Data></Cell>
    <Cell><Data ss:Type="String">May</Data></Cell>
   </Row>
   <Row ss:AutoFitHeight="0">
    <Cell><Data ss:Type="String">June</Data></Cell>
    <Cell><Data ss:Type="String">Juin</Data></Cell>
    <Cell><Data ss:Type="String">June</Data></Cell>
    <Cell><Data ss:Type="String">June</Data></Cell>
    <Cell><Data ss:Type="String">June</Data></Cell>
   </Row>
   <Row ss:AutoFitHeight="0">
    <Cell><Data ss:Type="String">July</Data></Cell>
    <Cell><Data ss:Type="String">Juillet</Data></Cell>
    <Cell><Data ss:Type="String">July</Data></Cell>
    <Cell><Data ss:Type="String">July</Data></Cell>
    <Cell><Data ss:Type="String">July</Data></Cell>
   </Row>
   <Row ss:AutoFitHeight="0">
    <Cell><Data ss:Type="String">August</Data></Cell>
    <Cell><Data ss:Type="String">Aout</Data></Cell>
    <Cell><Data ss:Type="String">August</Data></Cell>
    <Cell><Data ss:Type="String">August</Data></Cell>
    <Cell><Data ss:Type="String">August</Data></Cell>
   </Row>
   <Row ss:AutoFitHeight="0">
    <Cell><Data ss:Type="String">September</Data></Cell>
    <Cell><Data ss:Type="String">Septembre</Data></Cell>
    <Cell><Data ss:Type="String">September</Data></Cell>
    <Cell><Data ss:Type="String">September</Data></Cell>
    <Cell><Data ss:Type="String">September</Data></Cell>
   </Row>
   <Row ss:AutoFitHeight="0">
    <Cell><Data ss:Type="String">October</Data></Cell>
    <Cell><Data ss:Type="String">Octobre</Data></Cell>
    <Cell><Data ss:Type="String">October</Data></Cell>
    <Cell><Data ss:Type="String">October</Data></Cell>
    <Cell><Data ss:Type="String">October</Data></Cell>
   </Row>
   <Row ss:AutoFitHeight="0">
    <Cell><Data ss:Type="String">November</Data></Cell>
    <Cell><Data ss:Type="String">Novembre</Data></Cell>
    <Cell><Data ss:Type="String">November</Data></Cell>
    <Cell><Data ss:Type="String">November</Data></Cell>
    <Cell><Data ss:Type="String">November</Data></Cell>
   </Row>
   <Row ss:AutoFitHeight="0">
    <Cell><Data ss:Type="String">December</Data></Cell>
    <Cell><Data ss:Type="String">Decembre</Data></Cell>
    <Cell><Data ss:Type="String">December</Data></Cell>
    <Cell><Data ss:Type="String">December</Data></Cell>
    <Cell><Data ss:Type="String">December</Data></Cell>
   </Row>
   <Row ss:AutoFitHeight="0">
    <Cell><Data ss:Type="String">Jan</Data></Cell>
    <Cell><Data ss:Type="String">Jan</Data></Cell>
    <Cell><Data ss:Type="String">Jan</Data></Cell>
    <Cell><Data ss:Type="String">Jan</Data></Cell>
    <Cell><Data ss:Type="String">Jan</Data></Cell>
   </Row>
   <Row ss:AutoFitHeight="0">
    <Cell><Data ss:Type="String">Feb</Data></Cell>
    <Cell><Data ss:Type="String">Fev</Data></Cell>
    <Cell><Data ss:Type="String">Feb</Data></Cell>
    <Cell><Data ss:Type="String">Feb</Data></Cell>
    <Cell><Data ss:Type="String">Feb</Data></Cell>
   </Row>
   <Row ss:AutoFitHeight="0">
    <Cell><Data ss:Type="String">Mar</Data></Cell>
    <Cell><Data ss:Type="String">Mar</Data></Cell>
    <Cell><Data ss:Type="String">Mar</Data></Cell>
    <Cell><Data ss:Type="String">Mar</Data></Cell>
    <Cell><Data ss:Type="String">Mar</Data></Cell>
   </Row>
   <Row ss:AutoFitHeight="0">
    <Cell><Data ss:Type="String">Apr</Data></Cell>
    <Cell><Data ss:Type="String">Avr</Data></Cell>
    <Cell><Data ss:Type="String">Apr</Data></Cell>
    <Cell><Data ss:Type="String">Apr</Data></Cell>
    <Cell><Data ss:Type="String">Apr</Data></Cell>
   </Row>
   <Row ss:AutoFitHeight="0">
    <Cell><Data ss:Type="String">May</Data></Cell>
    <Cell><Data ss:Type="String">Mai</Data></Cell>
    <Cell><Data ss:Type="String">May</Data></Cell>
    <Cell><Data ss:Type="String">May</Data></Cell>
    <Cell><Data ss:Type="String">May</Data></Cell>
   </Row>
   <Row ss:AutoFitHeight="0">
    <Cell><Data ss:Type="String">Jun</Data></Cell>
    <Cell><Data ss:Type="String">Jun</Data></Cell>
    <Cell><Data ss:Type="String">Jun</Data></Cell>
    <Cell><Data ss:Type="String">Jun</Data></Cell>
    <Cell><Data ss:Type="String">Jun</Data></Cell>
   </Row>
   <Row ss:AutoFitHeight="0">
    <Cell><Data ss:Type="String">Jly</Data></Cell>
    <Cell><Data ss:Type="String">Jui</Data></Cell>
    <Cell><Data ss:Type="String">Jly</Data></Cell>
    <Cell><Data ss:Type="String">Jly</Data></Cell>
    <Cell><Data ss:Type="String">Jly</Data></Cell>
   </Row>
   <Row ss:AutoFitHeight="0">
    <Cell><Data ss:Type="String">Aug</Data></Cell>
    <Cell><Data ss:Type="String">Aot</Data></Cell>
    <Cell><Data ss:Type="String">Aug</Data></Cell>
    <Cell><Data ss:Type="String">Aug</Data></Cell>
    <Cell><Data ss:Type="String">Aug</Data></Cell>
   </Row>
   <Row ss:AutoFitHeight="0">
    <Cell><Data ss:Type="String">Sep</Data></Cell>
    <Cell><Data ss:Type="String">Sep</Data></Cell>
    <Cell><Data ss:Type="String">Sep</Data></Cell>
    <Cell><Data ss:Type="String">Sep</Data></Cell>
    <Cell><Data ss:Type="String">Sep</Data></Cell>
   </Row>
   <Row ss:AutoFitHeight="0">
    <Cell><Data ss:Type="String">Oct</Data></Cell>
    <Cell><Data ss:Type="String">Oct</Data></Cell>
    <Cell><Data ss:Type="String">Oct</Data></Cell>
    <Cell><Data ss:Type="String">Oct</Data></Cell>
    <Cell><Data ss:Type="String">Oct</Data></Cell>
   </Row>
   <Row ss:AutoFitHeight="0">
    <Cell><Data ss:Type="String">Nov</Data></Cell>
    <Cell><Data ss:Type="String">Nov</Data></Cell>
    <Cell><Data ss:Type="String">Nov</Data></Cell>
    <Cell><Data ss:Type="String">Nov</Data></Cell>
    <Cell><Data ss:Type="String">Nov</Data></Cell>
   </Row>
   <Row ss:AutoFitHeight="0">
    <Cell><Data ss:Type="String">Dec</Data></Cell>
    <Cell><Data ss:Type="String">Dec</Data></Cell>
    <Cell><Data ss:Type="String">Dec</Data></Cell>
    <Cell><Data ss:Type="String">Dec</Data></Cell>
    <Cell><Data ss:Type="String">Dec</Data></Cell>
   </Row>
  </Table>
  <WorksheetOptions xmlns="urn:schemas-microsoft-com:office:excel">
   <PageSetup>
    <Header x:Margin="0.4921259845"/>
    <Footer x:Margin="0.4921259845"/>
    <PageMargins x:Bottom="0.984251969" x:Left="0.78740157499999996"
     x:Right="0.78740157499999996" x:Top="0.984251969"/>
   </PageSetup>
   <Unsynced/>
   <Selected/>
   <Panes>
    <Pane>
     <Number>3</Number>
     <ActiveRow>20</ActiveRow>
     <ActiveCol>1</ActiveCol>
    </Pane>
   </Panes>
   <ProtectObjects>False</ProtectObjects>
   <ProtectScenarios>False</ProtectScenarios>
  </WorksheetOptions>
 </Worksheet>
</Workbook>
