<?xml version="1.0"?>
<?mso-application progid="Excel.Sheet"?>
<Workbook xmlns="urn:schemas-microsoft-com:office:spreadsheet"
 xmlns:o="urn:schemas-microsoft-com:office:office"
 xmlns:x="urn:schemas-microsoft-com:office:excel"
 xmlns:ss="urn:schemas-microsoft-com:office:spreadsheet"
 xmlns:html="http://www.w3.org/TR/REC-html40">
 <DocumentProperties xmlns="urn:schemas-microsoft-com:office:office">
  <LastAuthor>et</LastAuthor>
  <Created>2004-08-01T10:18:30Z</Created>
  <Version>11.5606</Version>
 </DocumentProperties>
 <OfficeDocumentSettings xmlns="urn:schemas-microsoft-com:office:office">
  <DoNotRelyOnCSS/>
 </OfficeDocumentSettings>
 <ExcelWorkbook xmlns="urn:schemas-microsoft-com:office:excel">
  <WindowHeight>12072</WindowHeight>
  <WindowWidth>18048</WindowWidth>
  <WindowTopX>672</WindowTopX>
  <WindowTopY>264</WindowTopY>
  <ProtectStructure>False</ProtectStructure>
  <ProtectWindows>False</ProtectWindows>
 </ExcelWorkbook>
 <Styles>
  <Style ss:ID="Default" ss:Name="Normal">
   <Alignment ss:Vertical="Bottom"/>
   <Borders/>
   <Font/>
   <Interior/>
   <NumberFormat/>
   <Protection/>
  </Style>
  <Style ss:ID="s21">
   <Alignment ss:Vertical="Bottom"/>
   <Font/>
   <Protection ss:Protected="0"/>
  </Style>
  <Style ss:ID="s22">
   <Alignment ss:Horizontal="Left" ss:Vertical="Bottom"/>
   <Font/>
   <Protection ss:Protected="0"/>
  </Style>
 </Styles>
 <Worksheet ss:Name="FINDER">
  <Table ss:ExpandedColumnCount="5" ss:ExpandedRowCount="52" x:FullColumns="1"
   x:FullRows="1" ss:DefaultColumnWidth="62.400000000000006"
   ss:DefaultRowHeight="13.2">
   <Column ss:AutoFitWidth="0" ss:Width="351.6"/>
   <Column ss:AutoFitWidth="0" ss:Width="336"/>
   <Column ss:AutoFitWidth="0" ss:Width="351.6"/>
   <Column ss:AutoFitWidth="0" ss:Width="169.20000000000002"/>
   <Row ss:AutoFitHeight="0">
    <Cell><Data ss:Type="String">[ENGLISH]</Data></Cell>
    <Cell><Data ss:Type="String">[FRENCH]</Data></Cell>
    <Cell><Data ss:Type="String">[GERMAN]</Data></Cell>
    <Cell ss:StyleID="s21"><Data ss:Type="String">[RUSSIAN]</Data></Cell>
    <Cell ss:StyleID="s22"><Data ss:Type="String">[POLISH]</Data></Cell>
   </Row>
   <Row ss:AutoFitHeight="0">
    <Cell><Data ss:Type="String">[COMMON]</Data></Cell>
    <Cell><Data ss:Type="String">[COMMON]</Data></Cell>
    <Cell><Data ss:Type="String">[COMMON]</Data></Cell>
    <Cell ss:StyleID="s21"><Data ss:Type="String">[COMMON]</Data></Cell>
    <Cell ss:StyleID="s22"><Data ss:Type="String">[COMMON]</Data></Cell>
   </Row>
   <Row ss:AutoFitHeight="0">
    <Cell><Data ss:Type="String">%d object(s)</Data></Cell>
    <Cell><Data ss:Type="String">%d objet(s)</Data></Cell>
    <Cell><Data ss:Type="String">%d object(s)</Data></Cell>
    <Cell><Data ss:Type="String">%d object(s)</Data></Cell>
    <Cell><Data ss:Type="String">%d object(s)</Data></Cell>
   </Row>
   <Row ss:AutoFitHeight="0">
    <Cell><Data ss:Type="String">%d object(s) selected</Data></Cell>
    <Cell><Data ss:Type="String">%d objet(s) selectioner</Data></Cell>
    <Cell><Data ss:Type="String">%d object(s) selected</Data></Cell>
    <Cell><Data ss:Type="String">%d object(s) selected</Data></Cell>
    <Cell><Data ss:Type="String">%d object(s) selected</Data></Cell>
   </Row>
   <Row ss:AutoFitHeight="0">
    <Cell><Data ss:Type="String">My Computer</Data></Cell>
    <Cell><Data ss:Type="String">Poste de travail</Data></Cell>
    <Cell><Data ss:Type="String">My Computer</Data></Cell>
    <Cell><Data ss:Type="String">My Computer</Data></Cell>
    <Cell><Data ss:Type="String">My Computer</Data></Cell>
   </Row>
   <Row ss:AutoFitHeight="0">
    <Cell><Data ss:Type="String">Finder</Data></Cell>
    <Cell><Data ss:Type="String">Finder</Data></Cell>
    <Cell><Data ss:Type="String">Finder</Data></Cell>
    <Cell><Data ss:Type="String">Finder</Data></Cell>
    <Cell><Data ss:Type="String">Finder</Data></Cell>
   </Row>
   <Row ss:AutoFitHeight="0">
    <Cell><Data ss:Type="String">Do you really want to delete %s ?</Data></Cell>
    <Cell><Data ss:Type="String">Voulez-vous vraiment supprimer %s ?</Data></Cell>
    <Cell><Data ss:Type="String">Do you really want to delete %s ?</Data></Cell>
    <Cell><Data ss:Type="String">Do you really want to delete %s ?</Data></Cell>
    <Cell><Data ss:Type="String">Do you really want to delete %s ?</Data></Cell>
   </Row>
   <Row ss:AutoFitHeight="0">
    <Cell><Data ss:Type="String">Do you really want to delete these %d items?</Data></Cell>
    <Cell><Data ss:Type="String">Voulez-vous vraiment supprimer ces %d objets?</Data></Cell>
    <Cell><Data ss:Type="String">Do you really want to delete these %d items?</Data></Cell>
    <Cell><Data ss:Type="String">Do you really want to delete these %d items?</Data></Cell>
    <Cell><Data ss:Type="String">Do you really want to delete these %d items?</Data></Cell>
   </Row>
   <Row ss:AutoFitHeight="0">
    <Cell><Data ss:Type="String">Delete confirmation</Data></Cell>
    <Cell><Data ss:Type="String">Confirmer suppression</Data></Cell>
    <Cell><Data ss:Type="String">Delete confirmation</Data></Cell>
    <Cell><Data ss:Type="String">Delete confirmation</Data></Cell>
    <Cell><Data ss:Type="String">Delete confirmation</Data></Cell>
   </Row>
   <Row ss:AutoFitHeight="0">
    <Cell><Data ss:Type="String">About Finder</Data></Cell>
    <Cell><Data ss:Type="String">A propos de Finder</Data></Cell>
    <Cell><Data ss:Type="String">About Finder</Data></Cell>
    <Cell><Data ss:Type="String">About Finder</Data></Cell>
    <Cell><Data ss:Type="String">About Finder</Data></Cell>
   </Row>
   <Row ss:AutoFitHeight="0">
    <Cell><Data ss:Type="String">Finder Version 0.6</Data></Cell>
    <Cell><Data ss:Type="String">Finder Version 0.6</Data></Cell>
    <Cell><Data ss:Type="String">Finder Version 0.6</Data></Cell>
    <Cell><Data ss:Type="String">Finder Version 0.6</Data></Cell>
    <Cell><Data ss:Type="String">Finder Version 0.6</Data></Cell>
   </Row>
   <Row ss:AutoFitHeight="0">
    <Cell><Data ss:Type="String">Properties</Data></Cell>
    <Cell><Data ss:Type="String">Propriétés</Data></Cell>
    <Cell><Data ss:Type="String">Properties</Data></Cell>
    <Cell><Data ss:Type="String">Properties</Data></Cell>
    <Cell><Data ss:Type="String">Properties</Data></Cell>
   </Row>
   <Row ss:AutoFitHeight="0">
    <Cell><Data ss:Type="String">Name</Data></Cell>
    <Cell><Data ss:Type="String">Nom</Data></Cell>
    <Cell><Data ss:Type="String">Name</Data></Cell>
    <Cell><Data ss:Type="String">Name</Data></Cell>
    <Cell><Data ss:Type="String">Name</Data></Cell>
   </Row>
   <Row ss:AutoFitHeight="0">
    <Cell><Data ss:Type="String">Type</Data></Cell>
    <Cell><Data ss:Type="String">Type</Data></Cell>
    <Cell><Data ss:Type="String">Type</Data></Cell>
    <Cell><Data ss:Type="String">Type</Data></Cell>
    <Cell><Data ss:Type="String">Type</Data></Cell>
   </Row>
   <Row ss:AutoFitHeight="0">
    <Cell><Data ss:Type="String">Total Space</Data></Cell>
    <Cell><Data ss:Type="String">Taille total</Data></Cell>
    <Cell><Data ss:Type="String">Total Space</Data></Cell>
    <Cell><Data ss:Type="String">Total Space</Data></Cell>
    <Cell><Data ss:Type="String">Total Space</Data></Cell>
   </Row>
   <Row ss:AutoFitHeight="0">
    <Cell><Data ss:Type="String">Free Space</Data></Cell>
    <Cell><Data ss:Type="String">Espace libre</Data></Cell>
    <Cell><Data ss:Type="String">Free Space</Data></Cell>
    <Cell><Data ss:Type="String">Free Space</Data></Cell>
    <Cell><Data ss:Type="String">Free Space</Data></Cell>
   </Row>
   <Row ss:AutoFitHeight="0">
    <Cell><Data ss:Type="String">Size</Data></Cell>
    <Cell><Data ss:Type="String">Taille</Data></Cell>
    <Cell><Data ss:Type="String">Size</Data></Cell>
    <Cell><Data ss:Type="String">Size</Data></Cell>
    <Cell><Data ss:Type="String">Size</Data></Cell>
   </Row>
   <Row ss:AutoFitHeight="0">
    <Cell><Data ss:Type="String">Modified</Data></Cell>
    <Cell><Data ss:Type="String">Modifier</Data></Cell>
    <Cell><Data ss:Type="String">Modified</Data></Cell>
    <Cell><Data ss:Type="String">Modified</Data></Cell>
    <Cell><Data ss:Type="String">Modified</Data></Cell>
   </Row>
   <Row ss:AutoFitHeight="0">
    <Cell><Data ss:Type="String">File</Data></Cell>
    <Cell><Data ss:Type="String">Ficher</Data></Cell>
    <Cell><Data ss:Type="String">File</Data></Cell>
    <Cell><Data ss:Type="String">File</Data></Cell>
    <Cell><Data ss:Type="String">File</Data></Cell>
   </Row>
   <Row ss:AutoFitHeight="0">
    <Cell><Data ss:Type="String">Exit</Data></Cell>
    <Cell><Data ss:Type="String">Quitter</Data></Cell>
    <Cell><Data ss:Type="String">Exit</Data></Cell>
    <Cell><Data ss:Type="String">Exit</Data></Cell>
    <Cell><Data ss:Type="String">Exit</Data></Cell>
   </Row>
   <Row ss:AutoFitHeight="0">
    <Cell><Data ss:Type="String">Edit</Data></Cell>
    <Cell><Data ss:Type="String">Edition</Data></Cell>
    <Cell><Data ss:Type="String">Edit</Data></Cell>
    <Cell><Data ss:Type="String">Edit</Data></Cell>
    <Cell><Data ss:Type="String">Edit</Data></Cell>
   </Row>
   <Row ss:AutoFitHeight="0">
    <Cell><Data ss:Type="String">Select All</Data></Cell>
    <Cell><Data ss:Type="String">Sélectioner tout</Data></Cell>
    <Cell><Data ss:Type="String">Select All</Data></Cell>
    <Cell><Data ss:Type="String">Select All</Data></Cell>
    <Cell><Data ss:Type="String">Select All</Data></Cell>
   </Row>
   <Row ss:AutoFitHeight="0">
    <Cell><Data ss:Type="String">Inverse the selection</Data></Cell>
    <Cell><Data ss:Type="String">Inverser la sélection</Data></Cell>
    <Cell><Data ss:Type="String">Inverse the selection</Data></Cell>
    <Cell><Data ss:Type="String">Inverse the selection</Data></Cell>
    <Cell><Data ss:Type="String">Inverse the selection</Data></Cell>
   </Row>
   <Row ss:AutoFitHeight="0">
    <Cell><Data ss:Type="String">View</Data></Cell>
    <Cell><Data ss:Type="String">Affichage</Data></Cell>
    <Cell><Data ss:Type="String">View</Data></Cell>
    <Cell><Data ss:Type="String">View</Data></Cell>
    <Cell><Data ss:Type="String">View</Data></Cell>
   </Row>
   <Row ss:AutoFitHeight="0">
    <Cell><Data ss:Type="String">Status line</Data></Cell>
    <Cell><Data ss:Type="String">Barre d'état</Data></Cell>
    <Cell><Data ss:Type="String">Status line</Data></Cell>
    <Cell><Data ss:Type="String">Status line</Data></Cell>
    <Cell><Data ss:Type="String">Status line</Data></Cell>
   </Row>
   <Row ss:AutoFitHeight="0">
    <Cell><Data ss:Type="String">Large icons</Data></Cell>
    <Cell><Data ss:Type="String">Grandes icons</Data></Cell>
    <Cell><Data ss:Type="String">Large icons</Data></Cell>
    <Cell><Data ss:Type="String">Large icons</Data></Cell>
    <Cell><Data ss:Type="String">Large icons</Data></Cell>
   </Row>
   <Row ss:AutoFitHeight="0">
    <Cell><Data ss:Type="String">Small icons</Data></Cell>
    <Cell><Data ss:Type="String">Petites icons</Data></Cell>
    <Cell><Data ss:Type="String">Small icons</Data></Cell>
    <Cell><Data ss:Type="String">Small icons</Data></Cell>
    <Cell><Data ss:Type="String">Small icons</Data></Cell>
   </Row>
   <Row ss:AutoFitHeight="0">
    <Cell><Data ss:Type="String">List</Data></Cell>
    <Cell><Data ss:Type="String">Liste</Data></Cell>
    <Cell><Data ss:Type="String">List</Data></Cell>
    <Cell><Data ss:Type="String">List</Data></Cell>
    <Cell><Data ss:Type="String">List</Data></Cell>
   </Row>
   <Row ss:AutoFitHeight="0">
    <Cell><Data ss:Type="String">Details</Data></Cell>
    <Cell><Data ss:Type="String">Détails</Data></Cell>
    <Cell><Data ss:Type="String">Details</Data></Cell>
    <Cell><Data ss:Type="String">Details</Data></Cell>
    <Cell><Data ss:Type="String">Details</Data></Cell>
   </Row>
   <Row ss:AutoFitHeight="0">
    <Cell><Data ss:Type="String">Organise icons</Data></Cell>
    <Cell><Data ss:Type="String">Organiser les icons</Data></Cell>
    <Cell><Data ss:Type="String">Organise icons</Data></Cell>
    <Cell><Data ss:Type="String">Organise icons</Data></Cell>
    <Cell><Data ss:Type="String">Organise icons</Data></Cell>
   </Row>
   <Row ss:AutoFitHeight="0">
    <Cell><Data ss:Type="String">by name</Data></Cell>
    <Cell><Data ss:Type="String">par nom</Data></Cell>
    <Cell><Data ss:Type="String">by name</Data></Cell>
    <Cell><Data ss:Type="String">by name</Data></Cell>
    <Cell><Data ss:Type="String">by name</Data></Cell>
   </Row>
   <Row ss:AutoFitHeight="0">
    <Cell><Data ss:Type="String">by size</Data></Cell>
    <Cell><Data ss:Type="String">par taille</Data></Cell>
    <Cell><Data ss:Type="String">by size</Data></Cell>
    <Cell><Data ss:Type="String">by size</Data></Cell>
    <Cell><Data ss:Type="String">by size</Data></Cell>
   </Row>
   <Row ss:AutoFitHeight="0">
    <Cell><Data ss:Type="String">Auto position</Data></Cell>
    <Cell><Data ss:Type="String">Position automatique</Data></Cell>
    <Cell><Data ss:Type="String">Auto position</Data></Cell>
    <Cell><Data ss:Type="String">Auto position</Data></Cell>
    <Cell><Data ss:Type="String">Auto position</Data></Cell>
   </Row>
   <Row ss:AutoFitHeight="0">
    <Cell><Data ss:Type="String">Settings...</Data></Cell>
    <Cell><Data ss:Type="String">Options...</Data></Cell>
    <Cell><Data ss:Type="String">Settings...</Data></Cell>
    <Cell><Data ss:Type="String">Settings...</Data></Cell>
    <Cell><Data ss:Type="String">Settings...</Data></Cell>
   </Row>
   <Row ss:AutoFitHeight="0">
    <Cell><Data ss:Type="String">Help</Data></Cell>
    <Cell><Data ss:Type="String">Aide</Data></Cell>
    <Cell><Data ss:Type="String">Help</Data></Cell>
    <Cell><Data ss:Type="String">Help</Data></Cell>
    <Cell><Data ss:Type="String">Help</Data></Cell>
   </Row>
   <Row ss:AutoFitHeight="0">
    <Cell><Data ss:Type="String">About</Data></Cell>
    <Cell><Data ss:Type="String">A propos de...</Data></Cell>
    <Cell><Data ss:Type="String">About</Data></Cell>
    <Cell><Data ss:Type="String">About</Data></Cell>
    <Cell><Data ss:Type="String">About</Data></Cell>
   </Row>
   <Row ss:AutoFitHeight="0">
    <Cell><Data ss:Type="String">Local drive</Data></Cell>
    <Cell><Data ss:Type="String">Disque local</Data></Cell>
    <Cell><Data ss:Type="String">Local drive</Data></Cell>
    <Cell><Data ss:Type="String">Local drive</Data></Cell>
    <Cell><Data ss:Type="String">Local drive</Data></Cell>
   </Row>
   <Row ss:AutoFitHeight="0">
    <Cell><Data ss:Type="String">Folder</Data></Cell>
    <Cell><Data ss:Type="String">Dossier</Data></Cell>
    <Cell><Data ss:Type="String">Folder</Data></Cell>
    <Cell><Data ss:Type="String">Folder</Data></Cell>
    <Cell><Data ss:Type="String">Folder</Data></Cell>
   </Row>
   <Row ss:AutoFitHeight="0">
    <Cell><Data ss:Type="String">Shortcut</Data></Cell>
    <Cell><Data ss:Type="String">Raccourci</Data></Cell>
    <Cell><Data ss:Type="String">Shortcut</Data></Cell>
    <Cell><Data ss:Type="String">Shortcut</Data></Cell>
    <Cell><Data ss:Type="String">Shortcut</Data></Cell>
   </Row>
   <Row ss:AutoFitHeight="0">
    <Cell><Data ss:Type="String">Application</Data></Cell>
    <Cell><Data ss:Type="String">Application</Data></Cell>
    <Cell><Data ss:Type="String">Application</Data></Cell>
    <Cell><Data ss:Type="String">Application</Data></Cell>
    <Cell><Data ss:Type="String">Application</Data></Cell>
   </Row>
   <Row ss:AutoFitHeight="0">
    <Cell><Data ss:Type="String">Finder query</Data></Cell>
    <Cell><Data ss:Type="String">avertissement du Finder</Data></Cell>
    <Cell><Data ss:Type="String">Finder query</Data></Cell>
    <Cell><Data ss:Type="String">Finder query</Data></Cell>
    <Cell><Data ss:Type="String">Finder query</Data></Cell>
   </Row>
   <Row ss:AutoFitHeight="0">
    <Cell><Data ss:Type="String">You are about to delete all the shortcuts in the system, continue?</Data></Cell>
    <Cell><Data ss:Type="String">Vous êtes sur le point de supprimer tous les Raccourcis dans l système, continuer?</Data></Cell>
    <Cell><Data ss:Type="String">You are about to delete all the shortcuts in the system, continue?</Data></Cell>
    <Cell><Data ss:Type="String">You are about to delete all the shortcuts in the system, continue?</Data></Cell>
    <Cell><Data ss:Type="String">You are about to delete all the shortcuts in the system, continue?</Data></Cell>
   </Row>
   <Row ss:AutoFitHeight="0">
    <Cell><Data ss:Type="String">You are about to purge all icon and folder information, continue?</Data></Cell>
    <Cell><Data ss:Type="String">Vous êtes sur le point de supprimer toutes les informations des dossiers et icons, continuer?</Data></Cell>
    <Cell><Data ss:Type="String">You are about to purge all icon and folder information, continue?</Data></Cell>
    <Cell><Data ss:Type="String">You are about to purge all icon and folder information, continue?</Data></Cell>
    <Cell><Data ss:Type="String">You are about to purge all icon and folder information, continue?</Data></Cell>
   </Row>
   <Row ss:AutoFitHeight="0">
    <Cell><Data ss:Type="String">Finder Settings</Data></Cell>
    <Cell><Data ss:Type="String">Options des dossier</Data></Cell>
    <Cell><Data ss:Type="String">Finder Settings</Data></Cell>
    <Cell><Data ss:Type="String">Finder Settings</Data></Cell>
    <Cell><Data ss:Type="String">Finder Settings</Data></Cell>
   </Row>
   <Row ss:AutoFitHeight="0">
    <Cell><Data ss:Type="String">Checking this open a folder in the same finder window</Data></Cell>
    <Cell><Data ss:Type="String">Cochez cette case pour ouvrir un dossier dans la même fenêtre</Data></Cell>
    <Cell><Data ss:Type="String">Checking this open a folder in the same finder window</Data></Cell>
    <Cell><Data ss:Type="String">Checking this open a folder in the same finder window</Data></Cell>
    <Cell><Data ss:Type="String">Checking this open a folder in the same finder window</Data></Cell>
   </Row>
   <Row ss:AutoFitHeight="0">
    <Cell><Data ss:Type="String">Recycle finder windows</Data></Cell>
    <Cell><Data ss:Type="String">Déplacement dans une fenêtre unique</Data></Cell>
    <Cell><Data ss:Type="String">Recycle finder windows</Data></Cell>
    <Cell><Data ss:Type="String">Recycle finder windows</Data></Cell>
    <Cell><Data ss:Type="String">Recycle finder windows</Data></Cell>
   </Row>
   <Row ss:AutoFitHeight="0">
    <Cell><Data ss:Type="String">Checking this will set all default finder windows to the windows active settings.</Data></Cell>
    <Cell><Data ss:Type="String">Cochez cette case pour définir la fenêtre comme valeur par defaut pour le finder.</Data></Cell>
    <Cell><Data ss:Type="String">Checking this will set all default finder windows to the windows active settings.</Data></Cell>
    <Cell><Data ss:Type="String">Checking this will set all default finder windows to the windows active settings.</Data></Cell>
    <Cell><Data ss:Type="String">Checking this will set all default finder windows to the windows active settings.</Data></Cell>
   </Row>
   <Row ss:AutoFitHeight="0">
    <Cell><Data ss:Type="String">Set as default viewing settings</Data></Cell>
    <Cell><Data ss:Type="String">Valeur par defaut</Data></Cell>
    <Cell><Data ss:Type="String">Set as default viewing settings</Data></Cell>
    <Cell><Data ss:Type="String">Set as default viewing settings</Data></Cell>
    <Cell><Data ss:Type="String">Set as default viewing settings</Data></Cell>
   </Row>
   <Row ss:AutoFitHeight="0">
    <Cell><Data ss:Type="String">Ok</Data></Cell>
    <Cell><Data ss:Type="String">Ok</Data></Cell>
    <Cell><Data ss:Type="String">Ok</Data></Cell>
    <Cell><Data ss:Type="String">Ok</Data></Cell>
    <Cell><Data ss:Type="String">Ok</Data></Cell>
   </Row>
   <Row ss:AutoFitHeight="0">
    <Cell><Data ss:Type="String">Remove all shortcuts</Data></Cell>
    <Cell><Data ss:Type="String">Supprimer les raccourcis</Data></Cell>
    <Cell><Data ss:Type="String">Remove all shortcuts</Data></Cell>
    <Cell><Data ss:Type="String">Remove all shortcuts</Data></Cell>
    <Cell><Data ss:Type="String">Remove all shortcuts</Data></Cell>
   </Row>
   <Row ss:AutoFitHeight="0">
    <Cell><Data ss:Type="String">Purge all folder and icon position information.</Data></Cell>
    <Cell><Data ss:Type="String">Purger toutes les informations des dossiers et icons.</Data></Cell>
    <Cell><Data ss:Type="String">Purge all folder and icon position information.</Data></Cell>
    <Cell><Data ss:Type="String">Purge all folder and icon position information.</Data></Cell>
    <Cell><Data ss:Type="String">Purge all folder and icon position information.</Data></Cell>
   </Row>
   <Row ss:AutoFitHeight="0">
    <Cell><Data ss:Type="String">Purge finder</Data></Cell>
    <Cell><Data ss:Type="String">Purger le finder</Data></Cell>
    <Cell><Data ss:Type="String">Purge finder</Data></Cell>
    <Cell><Data ss:Type="String">Purge finder</Data></Cell>
    <Cell><Data ss:Type="String">Purge finder</Data></Cell>
   </Row>
  </Table>
  <WorksheetOptions xmlns="urn:schemas-microsoft-com:office:excel">
   <PageSetup>
    <Header x:Margin="0.4921259845"/>
    <Footer x:Margin="0.4921259845"/>
    <PageMargins x:Bottom="0.984251969" x:Left="0.78740157499999996"
     x:Right="0.78740157499999996" x:Top="0.984251969"/>
   </PageSetup>
   <Unsynced/>
   <Selected/>
   <LeftColumnVisible>1</LeftColumnVisible>
   <Panes>
    <Pane>
     <Number>3</Number>
     <ActiveRow>2</ActiveRow>
     <ActiveCol>4</ActiveCol>
     <RangeSelection>R3C5:R52C5</RangeSelection>
    </Pane>
   </Panes>
   <ProtectObjects>False</ProtectObjects>
   <ProtectScenarios>False</ProtectScenarios>
  </WorksheetOptions>
 </Worksheet>
</Workbook>
