<?xml version="1.0"?>
<?mso-application progid="Excel.Sheet"?>
<Workbook xmlns="urn:schemas-microsoft-com:office:spreadsheet"
 xmlns:o="urn:schemas-microsoft-com:office:office"
 xmlns:x="urn:schemas-microsoft-com:office:excel"
 xmlns:ss="urn:schemas-microsoft-com:office:spreadsheet"
 xmlns:html="http://www.w3.org/TR/REC-html40">
 <DocumentProperties xmlns="urn:schemas-microsoft-com:office:office">
  <LastAuthor>et</LastAuthor>
  <Created>2004-08-01T10:21:21Z</Created>
  <Version>11.5606</Version>
 </DocumentProperties>
 <OfficeDocumentSettings xmlns="urn:schemas-microsoft-com:office:office">
  <DoNotRelyOnCSS/>
 </OfficeDocumentSettings>
 <ExcelWorkbook xmlns="urn:schemas-microsoft-com:office:excel">
  <WindowHeight>12264</WindowHeight>
  <WindowWidth>18240</WindowWidth>
  <WindowTopX>480</WindowTopX>
  <WindowTopY>72</WindowTopY>
  <ProtectStructure>False</ProtectStructure>
  <ProtectWindows>False</ProtectWindows>
 </ExcelWorkbook>
 <Styles>
  <Style ss:ID="Default" ss:Name="Normal">
   <Alignment ss:Vertical="Bottom"/>
   <Borders/>
   <Font/>
   <Interior/>
   <NumberFormat/>
   <Protection/>
  </Style>
 </Styles>
 <Worksheet ss:Name="Intuition">
  <Table ss:ExpandedColumnCount="3" ss:ExpandedRowCount="31" x:FullColumns="1"
   x:FullRows="1" ss:DefaultColumnWidth="62.400000000000006"
   ss:DefaultRowHeight="13.2">
   <Column ss:AutoFitWidth="0" ss:Width="125.4"/>
   <Column ss:AutoFitWidth="0" ss:Width="136.79999999999998"/>
   <Column ss:AutoFitWidth="0" ss:Width="125.4"/>
   <Row ss:AutoFitHeight="0">
    <Cell><Data ss:Type="String">[ENGLISH]</Data></Cell>
    <Cell><Data ss:Type="String">[FRENCH]</Data></Cell>
    <Cell><Data ss:Type="String">[GERMAN]</Data></Cell>
   </Row>
   <Row ss:AutoFitHeight="0">
    <Cell><Data ss:Type="String">[STARTMENU]</Data></Cell>
    <Cell><Data ss:Type="String">[STARTMENU]</Data></Cell>
    <Cell><Data ss:Type="String">[STARTMENU]</Data></Cell>
   </Row>
   <Row ss:AutoFitHeight="0">
    <Cell><Data ss:Type="String">Start</Data></Cell>
    <Cell><Data ss:Type="String">Démarrer</Data></Cell>
    <Cell><Data ss:Type="String">Start</Data></Cell>
   </Row>
   <Row ss:AutoFitHeight="0">
    <Cell><Data ss:Type="String">Sessions</Data></Cell>
    <Cell><Data ss:Type="String">Sessions</Data></Cell>
    <Cell><Data ss:Type="String">Sessions</Data></Cell>
   </Row>
   <Row ss:AutoFitHeight="0">
    <Cell><Data ss:Type="String">New Session</Data></Cell>
    <Cell><Data ss:Type="String">Nouvelle Session</Data></Cell>
    <Cell><Data ss:Type="String">New Session</Data></Cell>
   </Row>
   <Row ss:AutoFitHeight="0">
    <Cell><Data ss:Type="String">Change Session</Data></Cell>
    <Cell><Data ss:Type="String">Changer Session</Data></Cell>
    <Cell><Data ss:Type="String">Change Session</Data></Cell>
   </Row>
   <Row ss:AutoFitHeight="0">
    <Cell><Data ss:Type="String">End Session</Data></Cell>
    <Cell><Data ss:Type="String">Terminer Session</Data></Cell>
    <Cell><Data ss:Type="String">End Session</Data></Cell>
   </Row>
   <Row ss:AutoFitHeight="0">
    <Cell><Data ss:Type="String">Test Sessions...</Data></Cell>
    <Cell><Data ss:Type="String">Debouger Sessions</Data></Cell>
    <Cell><Data ss:Type="String">Test Sessions...</Data></Cell>
   </Row>
   <Row ss:AutoFitHeight="0">
    <Cell><Data ss:Type="String">Cascade</Data></Cell>
    <Cell><Data ss:Type="String">Cascade</Data></Cell>
    <Cell><Data ss:Type="String">Cascade</Data></Cell>
   </Row>
   <Row ss:AutoFitHeight="0">
    <Cell><Data ss:Type="String">Tile horizontally</Data></Cell>
    <Cell><Data ss:Type="String">Mosaïque horizontale</Data></Cell>
    <Cell><Data ss:Type="String">Tile horizontally</Data></Cell>
   </Row>
   <Row ss:AutoFitHeight="0">
    <Cell><Data ss:Type="String">Tile vertically</Data></Cell>
    <Cell><Data ss:Type="String">Mosaïque verticale</Data></Cell>
    <Cell><Data ss:Type="String">Tile vertically</Data></Cell>
   </Row>
   <Row ss:AutoFitHeight="0">
    <Cell><Data ss:Type="String">Minimise all windows</Data></Cell>
    <Cell><Data ss:Type="String">Réduire toutes les fenêtres</Data></Cell>
    <Cell><Data ss:Type="String">Minimise all windows</Data></Cell>
   </Row>
   <Row ss:AutoFitHeight="0">
    <Cell><Data ss:Type="String">Taskbar views</Data></Cell>
    <Cell><Data ss:Type="String">Vues</Data></Cell>
    <Cell><Data ss:Type="String">Taskbar views</Data></Cell>
   </Row>
   <Row ss:AutoFitHeight="0">
    <Cell><Data ss:Type="String">Delete View</Data></Cell>
    <Cell><Data ss:Type="String">Supprimer Vue</Data></Cell>
    <Cell><Data ss:Type="String">Delete View</Data></Cell>
   </Row>
   <Row ss:AutoFitHeight="0">
    <Cell><Data ss:Type="String">New View</Data></Cell>
    <Cell><Data ss:Type="String">Nouvelle Vue</Data></Cell>
    <Cell><Data ss:Type="String">New View</Data></Cell>
   </Row>
   <Row ss:AutoFitHeight="0">
    <Cell><Data ss:Type="String">[TITLEBAR]</Data></Cell>
    <Cell><Data ss:Type="String">[TITLEBAR]</Data></Cell>
    <Cell><Data ss:Type="String">[TITLEBAR]</Data></Cell>
   </Row>
   <Row ss:AutoFitHeight="0">
    <Cell><Data ss:Type="String">To Back</Data></Cell>
    <Cell><Data ss:Type="String">Derrière</Data></Cell>
    <Cell><Data ss:Type="String">To Back</Data></Cell>
   </Row>
   <Row ss:AutoFitHeight="0">
    <Cell><Data ss:Type="String">Always in front</Data></Cell>
    <Cell><Data ss:Type="String">Toujours devant</Data></Cell>
    <Cell><Data ss:Type="String">Always in front</Data></Cell>
   </Row>
   <Row ss:AutoFitHeight="0">
    <Cell><Data ss:Type="String">Minimise</Data></Cell>
    <Cell><Data ss:Type="String">Réduction</Data></Cell>
    <Cell><Data ss:Type="String">Minimise</Data></Cell>
   </Row>
   <Row ss:AutoFitHeight="0">
    <Cell><Data ss:Type="String">Maximise</Data></Cell>
    <Cell><Data ss:Type="String">Agrandissement</Data></Cell>
    <Cell><Data ss:Type="String">Maximise</Data></Cell>
   </Row>
   <Row ss:AutoFitHeight="0">
    <Cell><Data ss:Type="String">Close</Data></Cell>
    <Cell><Data ss:Type="String">Fermeture</Data></Cell>
    <Cell><Data ss:Type="String">Close</Data></Cell>
   </Row>
   <Row ss:AutoFitHeight="0">
    <Cell><Data ss:Type="String">Restore</Data></Cell>
    <Cell><Data ss:Type="String">Restauration</Data></Cell>
    <Cell><Data ss:Type="String">Restore</Data></Cell>
   </Row>
   <Row ss:AutoFitHeight="0">
    <Cell><Data ss:Type="String">[MSGBOX]</Data></Cell>
    <Cell><Data ss:Type="String">[MSGBOX]</Data></Cell>
    <Cell><Data ss:Type="String">[MSGBOX]</Data></Cell>
   </Row>
   <Row ss:AutoFitHeight="0">
    <Cell><Data ss:Type="String">Ok</Data></Cell>
    <Cell><Data ss:Type="String">Ok</Data></Cell>
    <Cell><Data ss:Type="String">Ok</Data></Cell>
   </Row>
   <Row ss:AutoFitHeight="0">
    <Cell><Data ss:Type="String">Cancel</Data></Cell>
    <Cell><Data ss:Type="String">Annuler</Data></Cell>
    <Cell><Data ss:Type="String">Cancel</Data></Cell>
   </Row>
   <Row ss:AutoFitHeight="0">
    <Cell><Data ss:Type="String">Abort</Data></Cell>
    <Cell><Data ss:Type="String">Echec</Data></Cell>
    <Cell><Data ss:Type="String">Abort</Data></Cell>
   </Row>
   <Row ss:AutoFitHeight="0">
    <Cell><Data ss:Type="String">Retry</Data></Cell>
    <Cell><Data ss:Type="String">Réessayer</Data></Cell>
    <Cell><Data ss:Type="String">Retry</Data></Cell>
   </Row>
   <Row ss:AutoFitHeight="0">
    <Cell><Data ss:Type="String">Ignore</Data></Cell>
    <Cell><Data ss:Type="String">Ignorer</Data></Cell>
    <Cell><Data ss:Type="String">Ignore</Data></Cell>
   </Row>
   <Row ss:AutoFitHeight="0">
    <Cell><Data ss:Type="String">Yes</Data></Cell>
    <Cell><Data ss:Type="String">Oui</Data></Cell>
    <Cell><Data ss:Type="String">Yes</Data></Cell>
   </Row>
   <Row ss:AutoFitHeight="0">
    <Cell><Data ss:Type="String">No</Data></Cell>
    <Cell><Data ss:Type="String">Non</Data></Cell>
    <Cell><Data ss:Type="String">No</Data></Cell>
   </Row>
   <Row ss:AutoFitHeight="0">
    <Cell><Data ss:Type="String">All</Data></Cell>
    <Cell><Data ss:Type="String">Tout</Data></Cell>
    <Cell><Data ss:Type="String">All</Data></Cell>
   </Row>
  </Table>
  <WorksheetOptions xmlns="urn:schemas-microsoft-com:office:excel">
   <PageSetup>
    <Header x:Margin="0.4921259845"/>
    <Footer x:Margin="0.4921259845"/>
    <PageMargins x:Bottom="0.984251969" x:Left="0.78740157499999996"
     x:Right="0.78740157499999996" x:Top="0.984251969"/>
   </PageSetup>
   <Unsynced/>
   <Selected/>
   <Panes>
    <Pane>
     <Number>3</Number>
     <ActiveCol>2</ActiveCol>
    </Pane>
   </Panes>
   <ProtectObjects>False</ProtectObjects>
   <ProtectScenarios>False</ProtectScenarios>
  </WorksheetOptions>
 </Worksheet>
</Workbook>
