<?xml version="1.0"?>
<?mso-application progid="Excel.Sheet"?>
<Workbook xmlns="urn:schemas-microsoft-com:office:spreadsheet"
 xmlns:o="urn:schemas-microsoft-com:office:office"
 xmlns:x="urn:schemas-microsoft-com:office:excel"
 xmlns:ss="urn:schemas-microsoft-com:office:spreadsheet"
 xmlns:html="http://www.w3.org/TR/REC-html40">
 <DocumentProperties xmlns="urn:schemas-microsoft-com:office:office">
  <LastAuthor>et</LastAuthor>
  <Created>2004-08-01T10:22:06Z</Created>
  <Version>11.5606</Version>
 </DocumentProperties>
 <OfficeDocumentSettings xmlns="urn:schemas-microsoft-com:office:office">
  <DoNotRelyOnCSS/>
 </OfficeDocumentSettings>
 <ExcelWorkbook xmlns="urn:schemas-microsoft-com:office:excel">
  <WindowHeight>12264</WindowHeight>
  <WindowWidth>18240</WindowWidth>
  <WindowTopX>480</WindowTopX>
  <WindowTopY>72</WindowTopY>
  <ProtectStructure>False</ProtectStructure>
  <ProtectWindows>False</ProtectWindows>
 </ExcelWorkbook>
 <Styles>
  <Style ss:ID="Default" ss:Name="Normal">
   <Alignment ss:Vertical="Bottom"/>
   <Borders/>
   <Font/>
   <Interior/>
   <NumberFormat/>
   <Protection/>
  </Style>
 </Styles>
 <Worksheet ss:Name="MAGNIFY">
  <Table ss:ExpandedColumnCount="3" ss:ExpandedRowCount="15" x:FullColumns="1"
   x:FullRows="1" ss:DefaultColumnWidth="62.400000000000006"
   ss:DefaultRowHeight="13.2">
   <Column ss:AutoFitWidth="0" ss:Width="156.6"/>
   <Column ss:AutoFitWidth="0" ss:Width="172.79999999999998"/>
   <Column ss:AutoFitWidth="0" ss:Width="156.6"/>
   <Row ss:AutoFitHeight="0">
    <Cell><Data ss:Type="String">[ENGLISH]</Data></Cell>
    <Cell><Data ss:Type="String">[FRENCH]</Data></Cell>
    <Cell><Data ss:Type="String">[GERMAN]</Data></Cell>
   </Row>
   <Row ss:AutoFitHeight="0">
    <Cell><Data ss:Type="String">[COMMON]</Data></Cell>
    <Cell><Data ss:Type="String">[COMMON]</Data></Cell>
    <Cell><Data ss:Type="String">[COMMON]</Data></Cell>
   </Row>
   <Row ss:AutoFitHeight="0">
    <Cell><Data ss:Type="String">About Magnify</Data></Cell>
    <Cell><Data ss:Type="String">A propos de Loupe</Data></Cell>
    <Cell><Data ss:Type="String">About Magnify</Data></Cell>
   </Row>
   <Row ss:AutoFitHeight="0">
    <Cell><Data ss:Type="String">Magnify Version 0.4</Data></Cell>
    <Cell><Data ss:Type="String">Loupe Version 0.4</Data></Cell>
    <Cell><Data ss:Type="String">Magnify Version 0.4</Data></Cell>
   </Row>
   <Row ss:AutoFitHeight="0">
    <Cell><Data ss:Type="String">File</Data></Cell>
    <Cell><Data ss:Type="String">Fichier</Data></Cell>
    <Cell><Data ss:Type="String">File</Data></Cell>
   </Row>
   <Row ss:AutoFitHeight="0">
    <Cell><Data ss:Type="String">Exit</Data></Cell>
    <Cell><Data ss:Type="String">Quitter</Data></Cell>
    <Cell><Data ss:Type="String">Exit</Data></Cell>
   </Row>
   <Row ss:AutoFitHeight="0">
    <Cell><Data ss:Type="String">Settings</Data></Cell>
    <Cell><Data ss:Type="String">Options</Data></Cell>
    <Cell><Data ss:Type="String">Settings</Data></Cell>
   </Row>
   <Row ss:AutoFitHeight="0">
    <Cell><Data ss:Type="String">Decrease Magnification (Key -)</Data></Cell>
    <Cell><Data ss:Type="String">Agrandissement Inferior (Touche -)</Data></Cell>
    <Cell><Data ss:Type="String">Decrease Magnification (Key -)</Data></Cell>
   </Row>
   <Row ss:AutoFitHeight="0">
    <Cell><Data ss:Type="String">Increase Magnification (Key +)</Data></Cell>
    <Cell><Data ss:Type="String">Agrandissement Superior (Touche +)</Data></Cell>
    <Cell><Data ss:Type="String">Increase Magnification (Key +)</Data></Cell>
   </Row>
   <Row ss:AutoFitHeight="0">
    <Cell><Data ss:Type="String">Always refresh</Data></Cell>
    <Cell><Data ss:Type="String">Toujours rafraîchir</Data></Cell>
    <Cell><Data ss:Type="String">Always refresh</Data></Cell>
   </Row>
   <Row ss:AutoFitHeight="0">
    <Cell><Data ss:Type="String">Auto follow (F6)</Data></Cell>
    <Cell><Data ss:Type="String">Suivre la souris (F6)</Data></Cell>
    <Cell><Data ss:Type="String">Auto follow (F6)</Data></Cell>
   </Row>
   <Row ss:AutoFitHeight="0">
    <Cell><Data ss:Type="String">Hide title</Data></Cell>
    <Cell><Data ss:Type="String">Cacher la barre de titre</Data></Cell>
    <Cell><Data ss:Type="String">Hide title</Data></Cell>
   </Row>
   <Row ss:AutoFitHeight="0">
    <Cell><Data ss:Type="String">Help</Data></Cell>
    <Cell><Data ss:Type="String">Aide</Data></Cell>
    <Cell><Data ss:Type="String">Help</Data></Cell>
   </Row>
   <Row ss:AutoFitHeight="0">
    <Cell><Data ss:Type="String">About</Data></Cell>
    <Cell><Data ss:Type="String">A propros de...</Data></Cell>
    <Cell><Data ss:Type="String">About</Data></Cell>
   </Row>
   <Row ss:AutoFitHeight="0">
    <Cell><Data ss:Type="String">Magnify</Data></Cell>
    <Cell><Data ss:Type="String">Loupe</Data></Cell>
    <Cell><Data ss:Type="String">Magnify</Data></Cell>
   </Row>
  </Table>
  <WorksheetOptions xmlns="urn:schemas-microsoft-com:office:excel">
   <PageSetup>
    <Header x:Margin="0.4921259845"/>
    <Footer x:Margin="0.4921259845"/>
    <PageMargins x:Bottom="0.984251969" x:Left="0.78740157499999996"
     x:Right="0.78740157499999996" x:Top="0.984251969"/>
   </PageSetup>
   <Unsynced/>
   <Selected/>
   <Panes>
    <Pane>
     <Number>3</Number>
     <ActiveRow>5</ActiveRow>
     <ActiveCol>1</ActiveCol>
    </Pane>
   </Panes>
   <ProtectObjects>False</ProtectObjects>
   <ProtectScenarios>False</ProtectScenarios>
  </WorksheetOptions>
 </Worksheet>
</Workbook>
