<?xml version="1.0"?>
<?mso-application progid="Excel.Sheet"?>
<Workbook xmlns="urn:schemas-microsoft-com:office:spreadsheet"
 xmlns:o="urn:schemas-microsoft-com:office:office"
 xmlns:x="urn:schemas-microsoft-com:office:excel"
 xmlns:ss="urn:schemas-microsoft-com:office:spreadsheet"
 xmlns:html="http://www.w3.org/TR/REC-html40">
 <DocumentProperties xmlns="urn:schemas-microsoft-com:office:office">
  <LastAuthor>et</LastAuthor>
  <Created>2004-08-01T10:22:53Z</Created>
  <Version>11.5606</Version>
 </DocumentProperties>
 <OfficeDocumentSettings xmlns="urn:schemas-microsoft-com:office:office">
  <DoNotRelyOnCSS/>
 </OfficeDocumentSettings>
 <ExcelWorkbook xmlns="urn:schemas-microsoft-com:office:excel">
  <WindowHeight>12264</WindowHeight>
  <WindowWidth>18240</WindowWidth>
  <WindowTopX>480</WindowTopX>
  <WindowTopY>72</WindowTopY>
  <ProtectStructure>False</ProtectStructure>
  <ProtectWindows>False</ProtectWindows>
 </ExcelWorkbook>
 <Styles>
  <Style ss:ID="Default" ss:Name="Normal">
   <Alignment ss:Vertical="Bottom"/>
   <Borders/>
   <Font/>
   <Interior/>
   <NumberFormat/>
   <Protection/>
  </Style>
  <Style ss:ID="s21">
   <Alignment ss:Vertical="Bottom"/>
   <Font/>
   <Protection ss:Protected="0"/>
  </Style>
  <Style ss:ID="s22">
   <Alignment ss:Horizontal="Left" ss:Vertical="Bottom"/>
   <Font/>
   <Protection ss:Protected="0"/>
  </Style>
 </Styles>
 <Worksheet ss:Name="PALETTE">
  <Table ss:ExpandedColumnCount="5" ss:ExpandedRowCount="24" x:FullColumns="1"
   x:FullRows="1" ss:DefaultColumnWidth="62.400000000000006"
   ss:DefaultRowHeight="13.2">
   <Column ss:AutoFitWidth="0" ss:Width="219.6"/>
   <Column ss:AutoFitWidth="0" ss:Width="282"/>
   <Column ss:AutoFitWidth="0" ss:Width="219.6"/>
   <Row ss:AutoFitHeight="0">
    <Cell><Data ss:Type="String">[ENGLISH]</Data></Cell>
    <Cell><Data ss:Type="String">[FRENCH]</Data></Cell>
    <Cell><Data ss:Type="String">[GERMAN]</Data></Cell>
    <Cell ss:StyleID="s21"><Data ss:Type="String">[RUSSIAN]</Data></Cell>
    <Cell ss:StyleID="s22"><Data ss:Type="String">[POLISH]</Data></Cell>
   </Row>
   <Row ss:AutoFitHeight="0">
    <Cell><Data ss:Type="String">[COMMON]</Data></Cell>
    <Cell><Data ss:Type="String">[COMMON]</Data></Cell>
    <Cell><Data ss:Type="String">[COMMON]</Data></Cell>
    <Cell ss:StyleID="s21"><Data ss:Type="String">[COMMON]</Data></Cell>
    <Cell ss:StyleID="s22"><Data ss:Type="String">[COMMON]</Data></Cell>
   </Row>
   <Row ss:AutoFitHeight="0">
    <Cell><Data ss:Type="String">Save Palette</Data></Cell>
    <Cell><Data ss:Type="String">Enregistrer palette</Data></Cell>
    <Cell><Data ss:Type="String">Save Palette</Data></Cell>
    <Cell><Data ss:Type="String">Save Palette</Data></Cell>
    <Cell><Data ss:Type="String">Save Palette</Data></Cell>
   </Row>
   <Row ss:AutoFitHeight="0">
    <Cell><Data ss:Type="String">Save</Data></Cell>
    <Cell><Data ss:Type="String">Enregistrer</Data></Cell>
    <Cell><Data ss:Type="String">Save</Data></Cell>
    <Cell><Data ss:Type="String">Save</Data></Cell>
    <Cell><Data ss:Type="String">Save</Data></Cell>
   </Row>
   <Row ss:AutoFitHeight="0">
    <Cell><Data ss:Type="String">Cancel</Data></Cell>
    <Cell><Data ss:Type="String">Annuler</Data></Cell>
    <Cell><Data ss:Type="String">Cancel</Data></Cell>
    <Cell><Data ss:Type="String">Cancel</Data></Cell>
    <Cell><Data ss:Type="String">Cancel</Data></Cell>
   </Row>
   <Row ss:AutoFitHeight="0">
    <Cell><Data ss:Type="String">The palette '%s' has not been saved, save now?</Data></Cell>
    <Cell><Data ss:Type="String">La palette '%s' n'est pas enregistrée, l'enregistrer maintenant?</Data></Cell>
    <Cell><Data ss:Type="String">The palette '%s' has not been saved, save now?</Data></Cell>
    <Cell><Data ss:Type="String">The palette '%s' has not been saved, save now?</Data></Cell>
    <Cell><Data ss:Type="String">The palette '%s' has not been saved, save now?</Data></Cell>
   </Row>
   <Row ss:AutoFitHeight="0">
    <Cell><Data ss:Type="String">Palette message</Data></Cell>
    <Cell><Data ss:Type="String">Message palette </Data></Cell>
    <Cell><Data ss:Type="String">Palette message</Data></Cell>
    <Cell><Data ss:Type="String">Palette message</Data></Cell>
    <Cell><Data ss:Type="String">Palette message</Data></Cell>
   </Row>
   <Row ss:AutoFitHeight="0">
    <Cell><Data ss:Type="String">new colour</Data></Cell>
    <Cell><Data ss:Type="String">Nouvelle colour</Data></Cell>
    <Cell><Data ss:Type="String">new colour</Data></Cell>
    <Cell><Data ss:Type="String">new colour</Data></Cell>
    <Cell><Data ss:Type="String">new colour</Data></Cell>
   </Row>
   <Row ss:AutoFitHeight="0">
    <Cell><Data ss:Type="String">modify palette colour</Data></Cell>
    <Cell><Data ss:Type="String">Modifier la couleur</Data></Cell>
    <Cell><Data ss:Type="String">modify palette colour</Data></Cell>
    <Cell><Data ss:Type="String">modify palette colour</Data></Cell>
    <Cell><Data ss:Type="String">modify palette colour</Data></Cell>
   </Row>
   <Row ss:AutoFitHeight="0">
    <Cell><Data ss:Type="String">New Palette</Data></Cell>
    <Cell><Data ss:Type="String">Nouvelle Palette</Data></Cell>
    <Cell><Data ss:Type="String">New Palette</Data></Cell>
    <Cell><Data ss:Type="String">New Palette</Data></Cell>
    <Cell><Data ss:Type="String">New Palette</Data></Cell>
   </Row>
   <Row ss:AutoFitHeight="0">
    <Cell><Data ss:Type="String">Open Palette</Data></Cell>
    <Cell><Data ss:Type="String">Ouvrir une palette</Data></Cell>
    <Cell><Data ss:Type="String">Open Palette</Data></Cell>
    <Cell><Data ss:Type="String">Open Palette</Data></Cell>
    <Cell><Data ss:Type="String">Open Palette</Data></Cell>
   </Row>
   <Row ss:AutoFitHeight="0">
    <Cell><Data ss:Type="String">Open</Data></Cell>
    <Cell><Data ss:Type="String">Ouvrir</Data></Cell>
    <Cell><Data ss:Type="String">Open</Data></Cell>
    <Cell><Data ss:Type="String">Open</Data></Cell>
    <Cell><Data ss:Type="String">Open</Data></Cell>
   </Row>
   <Row ss:AutoFitHeight="0">
    <Cell><Data ss:Type="String">About Colour Palette</Data></Cell>
    <Cell><Data ss:Type="String">A propos de l'éditeur de palette</Data></Cell>
    <Cell><Data ss:Type="String">About Colour Palette</Data></Cell>
    <Cell><Data ss:Type="String">About Colour Palette</Data></Cell>
    <Cell><Data ss:Type="String">About Colour Palette</Data></Cell>
   </Row>
   <Row ss:AutoFitHeight="0">
    <Cell><Data ss:Type="String">Colour Palette Manager Version 0.5</Data></Cell>
    <Cell><Data ss:Type="String">Editeur de palette Version 0.5</Data></Cell>
    <Cell><Data ss:Type="String">Colour Palette Manager Version 0.5</Data></Cell>
    <Cell><Data ss:Type="String">Colour Palette Manager Version 0.5</Data></Cell>
    <Cell><Data ss:Type="String">Colour Palette Manager Version 0.5</Data></Cell>
   </Row>
   <Row ss:AutoFitHeight="0">
    <Cell><Data ss:Type="String">Remove entry</Data></Cell>
    <Cell><Data ss:Type="String">Supprimer la coleur</Data></Cell>
    <Cell><Data ss:Type="String">Remove entry</Data></Cell>
    <Cell><Data ss:Type="String">Remove entry</Data></Cell>
    <Cell><Data ss:Type="String">Remove entry</Data></Cell>
   </Row>
   <Row ss:AutoFitHeight="0">
    <Cell><Data ss:Type="String">Pick colour</Data></Cell>
    <Cell><Data ss:Type="String">Choisir la coleur de l'écran</Data></Cell>
    <Cell><Data ss:Type="String">Pick colour</Data></Cell>
    <Cell><Data ss:Type="String">Pick colour</Data></Cell>
    <Cell><Data ss:Type="String">Pick colour</Data></Cell>
   </Row>
   <Row ss:AutoFitHeight="0">
    <Cell><Data ss:Type="String">File</Data></Cell>
    <Cell><Data ss:Type="String">Ficher</Data></Cell>
    <Cell><Data ss:Type="String">File</Data></Cell>
    <Cell><Data ss:Type="String">File</Data></Cell>
    <Cell><Data ss:Type="String">File</Data></Cell>
   </Row>
   <Row ss:AutoFitHeight="0">
    <Cell><Data ss:Type="String">New</Data></Cell>
    <Cell><Data ss:Type="String">Nouvelle Palette</Data></Cell>
    <Cell><Data ss:Type="String">New</Data></Cell>
    <Cell><Data ss:Type="String">New</Data></Cell>
    <Cell><Data ss:Type="String">New</Data></Cell>
   </Row>
   <Row ss:AutoFitHeight="0">
    <Cell><Data ss:Type="String">Close</Data></Cell>
    <Cell><Data ss:Type="String">Fermer</Data></Cell>
    <Cell><Data ss:Type="String">Close</Data></Cell>
    <Cell><Data ss:Type="String">Close</Data></Cell>
    <Cell><Data ss:Type="String">Close</Data></Cell>
   </Row>
   <Row ss:AutoFitHeight="0">
    <Cell><Data ss:Type="String">Save as...</Data></Cell>
    <Cell><Data ss:Type="String">Enregistrer sous...</Data></Cell>
    <Cell><Data ss:Type="String">Save as...</Data></Cell>
    <Cell><Data ss:Type="String">Save as...</Data></Cell>
    <Cell><Data ss:Type="String">Save as...</Data></Cell>
   </Row>
   <Row ss:AutoFitHeight="0">
    <Cell><Data ss:Type="String">Save all</Data></Cell>
    <Cell><Data ss:Type="String">Enregistrer tout</Data></Cell>
    <Cell><Data ss:Type="String">Save all</Data></Cell>
    <Cell><Data ss:Type="String">Save all</Data></Cell>
    <Cell><Data ss:Type="String">Save all</Data></Cell>
   </Row>
   <Row ss:AutoFitHeight="0">
    <Cell><Data ss:Type="String">Exit</Data></Cell>
    <Cell><Data ss:Type="String">Quitter</Data></Cell>
    <Cell><Data ss:Type="String">Exit</Data></Cell>
    <Cell><Data ss:Type="String">Exit</Data></Cell>
    <Cell><Data ss:Type="String">Exit</Data></Cell>
   </Row>
   <Row ss:AutoFitHeight="0">
    <Cell><Data ss:Type="String">Help</Data></Cell>
    <Cell><Data ss:Type="String">Aide</Data></Cell>
    <Cell><Data ss:Type="String">Help</Data></Cell>
    <Cell><Data ss:Type="String">Help</Data></Cell>
    <Cell><Data ss:Type="String">Help</Data></Cell>
   </Row>
   <Row ss:AutoFitHeight="0">
    <Cell><Data ss:Type="String">About</Data></Cell>
    <Cell><Data ss:Type="String">A propos de...</Data></Cell>
    <Cell><Data ss:Type="String">About</Data></Cell>
    <Cell><Data ss:Type="String">About</Data></Cell>
    <Cell><Data ss:Type="String">About</Data></Cell>
   </Row>
  </Table>
  <WorksheetOptions xmlns="urn:schemas-microsoft-com:office:excel">
   <PageSetup>
    <Header x:Margin="0.4921259845"/>
    <Footer x:Margin="0.4921259845"/>
    <PageMargins x:Bottom="0.984251969" x:Left="0.78740157499999996"
     x:Right="0.78740157499999996" x:Top="0.984251969"/>
   </PageSetup>
   <Unsynced/>
   <Selected/>
   <Panes>
    <Pane>
     <Number>3</Number>
     <ActiveRow>2</ActiveRow>
     <ActiveCol>4</ActiveCol>
     <RangeSelection>R3C5:R24C5</RangeSelection>
    </Pane>
   </Panes>
   <ProtectObjects>False</ProtectObjects>
   <ProtectScenarios>False</ProtectScenarios>
  </WorksheetOptions>
 </Worksheet>
</Workbook>
