<?xml version="1.0"?>
<?mso-application progid="Excel.Sheet"?>
<Workbook xmlns="urn:schemas-microsoft-com:office:spreadsheet"
 xmlns:o="urn:schemas-microsoft-com:office:office"
 xmlns:x="urn:schemas-microsoft-com:office:excel"
 xmlns:ss="urn:schemas-microsoft-com:office:spreadsheet"
 xmlns:html="http://www.w3.org/TR/REC-html40">
 <DocumentProperties xmlns="urn:schemas-microsoft-com:office:office">
  <LastAuthor>dev</LastAuthor>
  <Created>2004-08-01T10:23:41Z</Created>
  <Version>11.5606</Version>
 </DocumentProperties>
 <OfficeDocumentSettings xmlns="urn:schemas-microsoft-com:office:office">
  <DoNotRelyOnCSS/>
 </OfficeDocumentSettings>
 <ExcelWorkbook xmlns="urn:schemas-microsoft-com:office:excel">
  <WindowHeight>11820</WindowHeight>
  <WindowWidth>19200</WindowWidth>
  <WindowTopX>0</WindowTopX>
  <WindowTopY>1305</WindowTopY>
  <ProtectStructure>False</ProtectStructure>
  <ProtectWindows>False</ProtectWindows>
 </ExcelWorkbook>
 <Styles>
  <Style ss:ID="Default" ss:Name="Normal">
   <Alignment ss:Vertical="Bottom"/>
   <Borders/>
   <Font/>
   <Interior/>
   <NumberFormat/>
   <Protection/>
  </Style>
  <Style ss:ID="s21">
   <Alignment ss:Vertical="Bottom"/>
   <Font/>
   <Protection ss:Protected="0"/>
  </Style>
  <Style ss:ID="s22">
   <Alignment ss:Horizontal="Left" ss:Vertical="Bottom"/>
   <Font/>
   <Protection ss:Protected="0"/>
  </Style>
 </Styles>
 <Worksheet ss:Name="PREFS">
  <Table ss:ExpandedColumnCount="5" ss:ExpandedRowCount="81" x:FullColumns="1"
   x:FullRows="1" ss:DefaultColumnWidth="62.25" ss:DefaultRowHeight="13.3125">
   <Column ss:AutoFitWidth="0" ss:Width="364.5"/>
   <Column ss:AutoFitWidth="0" ss:Width="367.5"/>
   <Column ss:AutoFitWidth="0" ss:Width="364.5"/>
   <Row ss:AutoFitHeight="0">
    <Cell><Data ss:Type="String">[ENGLISH]</Data></Cell>
    <Cell><Data ss:Type="String">[FRENCH]</Data></Cell>
    <Cell><Data ss:Type="String">[GERMAN]</Data></Cell>
    <Cell ss:StyleID="s21"><Data ss:Type="String">[RUSSIAN]</Data></Cell>
    <Cell ss:StyleID="s22"><Data ss:Type="String">[POLISH]</Data></Cell>
   </Row>
   <Row ss:AutoFitHeight="0">
    <Cell><Data ss:Type="String">[COMMON]</Data></Cell>
    <Cell><Data ss:Type="String">[COMMON]</Data></Cell>
    <Cell><Data ss:Type="String">[COMMON]</Data></Cell>
    <Cell ss:StyleID="s21"><Data ss:Type="String">[COMMON]</Data></Cell>
    <Cell ss:StyleID="s22"><Data ss:Type="String">[COMMON]</Data></Cell>
   </Row>
   <Row ss:AutoFitHeight="0">
    <Cell><Data ss:Type="String">Warning</Data></Cell>
    <Cell><Data ss:Type="String">Avertissement</Data></Cell>
    <Cell><Data ss:Type="String">Warning</Data></Cell>
    <Cell><Data ss:Type="String">Warning</Data></Cell>
    <Cell><Data ss:Type="String">Warning</Data></Cell>
   </Row>
   <Row ss:AutoFitHeight="0">
    <Cell><Data ss:Type="String">All user preferences will be set to the default settings, do you want to continue?</Data></Cell>
    <Cell><Data ss:Type="String">Toutes les préférences vont être remises à leur valeur d'origine, veux-tu continuer?</Data></Cell>
    <Cell><Data ss:Type="String">All user preferences will be set to the default settings, do you want to continue?</Data></Cell>
    <Cell><Data ss:Type="String">All user preferences will be set to the default settings, do you want to continue?</Data></Cell>
    <Cell><Data ss:Type="String">All user preferences will be set to the default settings, do you want to continue?</Data></Cell>
   </Row>
   <Row ss:AutoFitHeight="0">
    <Cell><Data ss:Type="String">About</Data></Cell>
    <Cell><Data ss:Type="String">A Propos de</Data></Cell>
    <Cell><Data ss:Type="String">About</Data></Cell>
    <Cell><Data ss:Type="String">About</Data></Cell>
    <Cell><Data ss:Type="String">About</Data></Cell>
   </Row>
   <Row ss:AutoFitHeight="0">
    <Cell><Data ss:Type="String">Control panel version 0.2</Data></Cell>
    <Cell><Data ss:Type="String">Panneau de configuration version 0.2</Data></Cell>
    <Cell><Data ss:Type="String">Control panel version 0.2</Data></Cell>
    <Cell><Data ss:Type="String">Control panel version 0.2</Data></Cell>
    <Cell><Data ss:Type="String">Control panel version 0.2</Data></Cell>
   </Row>
   <Row ss:AutoFitHeight="0">
    <Cell><Data ss:Type="String">File</Data></Cell>
    <Cell><Data ss:Type="String">Ficher</Data></Cell>
    <Cell><Data ss:Type="String">File</Data></Cell>
    <Cell><Data ss:Type="String">File</Data></Cell>
    <Cell><Data ss:Type="String">File</Data></Cell>
   </Row>
   <Row ss:AutoFitHeight="0">
    <Cell><Data ss:Type="String">Defaults</Data></Cell>
    <Cell><Data ss:Type="String">Défauts</Data></Cell>
    <Cell><Data ss:Type="String">Defaults</Data></Cell>
    <Cell><Data ss:Type="String">Defaults</Data></Cell>
    <Cell><Data ss:Type="String">Defaults</Data></Cell>
   </Row>
   <Row ss:AutoFitHeight="0">
    <Cell><Data ss:Type="String">Exit</Data></Cell>
    <Cell><Data ss:Type="String">Quitter</Data></Cell>
    <Cell><Data ss:Type="String">Exit</Data></Cell>
    <Cell><Data ss:Type="String">Exit</Data></Cell>
    <Cell><Data ss:Type="String">Exit</Data></Cell>
   </Row>
   <Row ss:AutoFitHeight="0">
    <Cell><Data ss:Type="String">Preferences</Data></Cell>
    <Cell><Data ss:Type="String">Préférences</Data></Cell>
    <Cell><Data ss:Type="String">Preferences</Data></Cell>
    <Cell><Data ss:Type="String">Preferences</Data></Cell>
    <Cell><Data ss:Type="String">Preferences</Data></Cell>
   </Row>
   <Row ss:AutoFitHeight="0">
    <Cell><Data ss:Type="String">Global</Data></Cell>
    <Cell><Data ss:Type="String">Global</Data></Cell>
    <Cell><Data ss:Type="String">Global</Data></Cell>
    <Cell><Data ss:Type="String">Global</Data></Cell>
    <Cell><Data ss:Type="String">Global</Data></Cell>
   </Row>
   <Row ss:AutoFitHeight="0">
    <Cell><Data ss:Type="String">Keyboard</Data></Cell>
    <Cell><Data ss:Type="String">Clavier</Data></Cell>
    <Cell><Data ss:Type="String">Keyboard</Data></Cell>
    <Cell><Data ss:Type="String">Keyboard</Data></Cell>
    <Cell><Data ss:Type="String">Keyboard</Data></Cell>
   </Row>
   <Row ss:AutoFitHeight="0">
    <Cell><Data ss:Type="String">Mouse</Data></Cell>
    <Cell><Data ss:Type="String">Souris</Data></Cell>
    <Cell><Data ss:Type="String">Mouse</Data></Cell>
    <Cell><Data ss:Type="String">Mouse</Data></Cell>
    <Cell><Data ss:Type="String">Mouse</Data></Cell>
   </Row>
   <Row ss:AutoFitHeight="0">
    <Cell><Data ss:Type="String">Sound</Data></Cell>
    <Cell><Data ss:Type="String">Son</Data></Cell>
    <Cell><Data ss:Type="String">Sound</Data></Cell>
    <Cell><Data ss:Type="String">Sound</Data></Cell>
    <Cell><Data ss:Type="String">Sound</Data></Cell>
   </Row>
   <Row ss:AutoFitHeight="0">
    <Cell><Data ss:Type="String">Display</Data></Cell>
    <Cell><Data ss:Type="String">Affichage</Data></Cell>
    <Cell><Data ss:Type="String">Display</Data></Cell>
    <Cell><Data ss:Type="String">Display</Data></Cell>
    <Cell><Data ss:Type="String">Display</Data></Cell>
   </Row>
   <Row ss:AutoFitHeight="0">
    <Cell><Data ss:Type="String">Colours</Data></Cell>
    <Cell><Data ss:Type="String">Couleurs</Data></Cell>
    <Cell><Data ss:Type="String">Colours</Data></Cell>
    <Cell><Data ss:Type="String">Colours</Data></Cell>
    <Cell><Data ss:Type="String">Colours</Data></Cell>
   </Row>
   <Row ss:AutoFitHeight="0">
    <Cell><Data ss:Type="String">Fonts</Data></Cell>
    <Cell><Data ss:Type="String">Polices</Data></Cell>
    <Cell><Data ss:Type="String">Fonts</Data></Cell>
    <Cell><Data ss:Type="String">Fonts</Data></Cell>
    <Cell><Data ss:Type="String">Fonts</Data></Cell>
   </Row>
   <Row ss:AutoFitHeight="0">
    <Cell><Data ss:Type="String">Video Sync</Data></Cell>
    <Cell><Data ss:Type="String">Synchro Vidéo</Data></Cell>
    <Cell><Data ss:Type="String">Video Sync</Data></Cell>
    <Cell><Data ss:Type="String">Video Sync</Data></Cell>
    <Cell><Data ss:Type="String">Video Sync</Data></Cell>
   </Row>
   <Row ss:AutoFitHeight="0">
    <Cell><Data ss:Type="String">Help</Data></Cell>
    <Cell><Data ss:Type="String">Aide</Data></Cell>
    <Cell><Data ss:Type="String">Help</Data></Cell>
    <Cell><Data ss:Type="String">Help</Data></Cell>
    <Cell><Data ss:Type="String">Help</Data></Cell>
   </Row>
   <Row ss:AutoFitHeight="0">
    <Cell><Data ss:Type="String">About</Data></Cell>
    <Cell><Data ss:Type="String">A Propos de...</Data></Cell>
    <Cell><Data ss:Type="String">About</Data></Cell>
    <Cell><Data ss:Type="String">About</Data></Cell>
    <Cell><Data ss:Type="String">About</Data></Cell>
   </Row>
   <Row ss:AutoFitHeight="0">
    <Cell><Data ss:Type="String">Language</Data></Cell>
    <Cell><Data ss:Type="String">Language</Data></Cell>
    <Cell><Data ss:Type="String">Language</Data></Cell>
    <Cell><Data ss:Type="String">Language</Data></Cell>
    <Cell><Data ss:Type="String">Language</Data></Cell>
   </Row>
   <Row ss:AutoFitHeight="0">
    <Cell ss:Index="2"><Data ss:Type="String">Interface</Data></Cell>
    <Cell><Data ss:Type="String">Interface</Data></Cell>
    <Cell><Data ss:Type="String">Interface</Data></Cell>
    <Cell><Data ss:Type="String">Interface</Data></Cell>
   </Row>
   <Row ss:AutoFitHeight="0">
    <Cell><Data ss:Type="String">[COLOUR]</Data></Cell>
    <Cell><Data ss:Type="String">[COLOUR]</Data></Cell>
    <Cell><Data ss:Type="String">[COLOUR]</Data></Cell>
    <Cell><Data ss:Type="String">[COLOUR]</Data></Cell>
    <Cell><Data ss:Type="String">[COLOUR]</Data></Cell>
   </Row>
   <Row ss:AutoFitHeight="0">
    <Cell><Data ss:Type="String">Set Default colours</Data></Cell>
    <Cell><Data ss:Type="String">Coleurs par défaut</Data></Cell>
    <Cell><Data ss:Type="String">Set Default colours</Data></Cell>
    <Cell><Data ss:Type="String">Set Default colours</Data></Cell>
    <Cell><Data ss:Type="String">Set Default colours</Data></Cell>
   </Row>
   <Row ss:AutoFitHeight="0">
    <Cell><Data ss:Type="String">Edge Hilight</Data></Cell>
    <Cell><Data ss:Type="String">Surbrillance des contours</Data></Cell>
    <Cell><Data ss:Type="String">Edge Hilight</Data></Cell>
    <Cell><Data ss:Type="String">Edge Hilight</Data></Cell>
    <Cell><Data ss:Type="String">Edge Hilight</Data></Cell>
   </Row>
   <Row ss:AutoFitHeight="0">
    <Cell><Data ss:Type="String">Edge Lolight</Data></Cell>
    <Cell><Data ss:Type="String">Sous-brillance des contours</Data></Cell>
    <Cell><Data ss:Type="String">Edge Lolight</Data></Cell>
    <Cell><Data ss:Type="String">Edge Lolight</Data></Cell>
    <Cell><Data ss:Type="String">Edge Lolight</Data></Cell>
   </Row>
   <Row ss:AutoFitHeight="0">
    <Cell><Data ss:Type="String">Work Area</Data></Cell>
    <Cell><Data ss:Type="String">Espace de travail</Data></Cell>
    <Cell><Data ss:Type="String">Work Area</Data></Cell>
    <Cell><Data ss:Type="String">Work Area</Data></Cell>
    <Cell><Data ss:Type="String">Work Area</Data></Cell>
   </Row>
   <Row ss:AutoFitHeight="0">
    <Cell><Data ss:Type="String">Work Text</Data></Cell>
    <Cell><Data ss:Type="String">Texte de travail</Data></Cell>
    <Cell><Data ss:Type="String">Work Text</Data></Cell>
    <Cell><Data ss:Type="String">Work Text</Data></Cell>
    <Cell><Data ss:Type="String">Work Text</Data></Cell>
   </Row>
   <Row ss:AutoFitHeight="0">
    <Cell><Data ss:Type="String">System Back</Data></Cell>
    <Cell><Data ss:Type="String">Arrière-plan</Data></Cell>
    <Cell><Data ss:Type="String">System Back</Data></Cell>
    <Cell><Data ss:Type="String">System Back</Data></Cell>
    <Cell><Data ss:Type="String">System Back</Data></Cell>
   </Row>
   <Row ss:AutoFitHeight="0">
    <Cell><Data ss:Type="String">System Area</Data></Cell>
    <Cell><Data ss:Type="String">Fenêtre</Data></Cell>
    <Cell><Data ss:Type="String">System Area</Data></Cell>
    <Cell><Data ss:Type="String">System Area</Data></Cell>
    <Cell><Data ss:Type="String">System Area</Data></Cell>
   </Row>
   <Row ss:AutoFitHeight="0">
    <Cell><Data ss:Type="String">System Text</Data></Cell>
    <Cell><Data ss:Type="String">Texte</Data></Cell>
    <Cell><Data ss:Type="String">System Text</Data></Cell>
    <Cell><Data ss:Type="String">System Text</Data></Cell>
    <Cell><Data ss:Type="String">System Text</Data></Cell>
   </Row>
   <Row ss:AutoFitHeight="0">
    <Cell><Data ss:Type="String">Title Active</Data></Cell>
    <Cell><Data ss:Type="String">Titre actif</Data></Cell>
    <Cell><Data ss:Type="String">Title Active</Data></Cell>
    <Cell><Data ss:Type="String">Title Active</Data></Cell>
    <Cell><Data ss:Type="String">Title Active</Data></Cell>
   </Row>
   <Row ss:AutoFitHeight="0">
    <Cell><Data ss:Type="String">Title Inactive</Data></Cell>
    <Cell><Data ss:Type="String">Titre inactif</Data></Cell>
    <Cell><Data ss:Type="String">Title Inactive</Data></Cell>
    <Cell><Data ss:Type="String">Title Inactive</Data></Cell>
    <Cell><Data ss:Type="String">Title Inactive</Data></Cell>
   </Row>
   <Row ss:AutoFitHeight="0">
    <Cell><Data ss:Type="String">Title Text Active</Data></Cell>
    <Cell><Data ss:Type="String">Texte Titre Actif</Data></Cell>
    <Cell><Data ss:Type="String">Title Text Active</Data></Cell>
    <Cell><Data ss:Type="String">Title Text Active</Data></Cell>
    <Cell><Data ss:Type="String">Title Text Active</Data></Cell>
   </Row>
   <Row ss:AutoFitHeight="0">
    <Cell><Data ss:Type="String">Title Text Inactive</Data></Cell>
    <Cell><Data ss:Type="String">Texte Titre Inactif</Data></Cell>
    <Cell><Data ss:Type="String">Title Text Inactive</Data></Cell>
    <Cell><Data ss:Type="String">Title Text Inactive</Data></Cell>
    <Cell><Data ss:Type="String">Title Text Inactive</Data></Cell>
   </Row>
   <Row ss:AutoFitHeight="0">
    <Cell><Data ss:Type="String">Menu Hilight</Data></Cell>
    <Cell><Data ss:Type="String">Surbrillance menu</Data></Cell>
    <Cell><Data ss:Type="String">Menu Hilight</Data></Cell>
    <Cell><Data ss:Type="String">Menu Hilight</Data></Cell>
    <Cell><Data ss:Type="String">Menu Hilight</Data></Cell>
   </Row>
   <Row ss:AutoFitHeight="0">
    <Cell><Data ss:Type="String">Menu Text</Data></Cell>
    <Cell><Data ss:Type="String">Texte menu</Data></Cell>
    <Cell><Data ss:Type="String">Menu Text</Data></Cell>
    <Cell><Data ss:Type="String">Menu Text</Data></Cell>
    <Cell><Data ss:Type="String">Menu Text</Data></Cell>
   </Row>
   <Row ss:AutoFitHeight="0">
    <Cell><Data ss:Type="String">Menu Text Hilight</Data></Cell>
    <Cell><Data ss:Type="String">Surbrillance Texte menu</Data></Cell>
    <Cell><Data ss:Type="String">Menu Text Hilight</Data></Cell>
    <Cell><Data ss:Type="String">Menu Text Hilight</Data></Cell>
    <Cell><Data ss:Type="String">Menu Text Hilight</Data></Cell>
   </Row>
   <Row ss:AutoFitHeight="0">
    <Cell><Data ss:Type="String">Menu Text Disabled</Data></Cell>
    <Cell><Data ss:Type="String">Texte menu non disponible</Data></Cell>
    <Cell><Data ss:Type="String">Menu Text Disabled</Data></Cell>
    <Cell><Data ss:Type="String">Menu Text Disabled</Data></Cell>
    <Cell><Data ss:Type="String">Menu Text Disabled</Data></Cell>
   </Row>
   <Row ss:AutoFitHeight="0">
    <Cell><Data ss:Type="String">Menu Text Inactive</Data></Cell>
    <Cell><Data ss:Type="String">Menu Text Inactive</Data></Cell>
    <Cell><Data ss:Type="String">Menu Text Inactive</Data></Cell>
    <Cell><Data ss:Type="String">Menu Text Inactive</Data></Cell>
    <Cell><Data ss:Type="String">Menu Text Inactive</Data></Cell>
   </Row>
   <Row ss:AutoFitHeight="0">
    <Cell><Data ss:Type="String">Application Back</Data></Cell>
    <Cell><Data ss:Type="String">Fenêtre application</Data></Cell>
    <Cell><Data ss:Type="String">Application Back</Data></Cell>
    <Cell><Data ss:Type="String">Application Back</Data></Cell>
    <Cell><Data ss:Type="String">Application Back</Data></Cell>
   </Row>
   <Row ss:AutoFitHeight="0">
    <Cell><Data ss:Type="String">Hover Back</Data></Cell>
    <Cell><Data ss:Type="String">Fond les info-bulles</Data></Cell>
    <Cell><Data ss:Type="String">Hover Back</Data></Cell>
    <Cell><Data ss:Type="String">Hover Back</Data></Cell>
    <Cell><Data ss:Type="String">Hover Back</Data></Cell>
   </Row>
   <Row ss:AutoFitHeight="0">
    <Cell><Data ss:Type="String">Hover Text</Data></Cell>
    <Cell><Data ss:Type="String">Texte les info-bulles</Data></Cell>
    <Cell><Data ss:Type="String">Hover Text</Data></Cell>
    <Cell><Data ss:Type="String">Hover Text</Data></Cell>
    <Cell><Data ss:Type="String">Hover Text</Data></Cell>
   </Row>
   <Row ss:AutoFitHeight="0">
    <Cell><Data ss:Type="String">Desktop</Data></Cell>
    <Cell><Data ss:Type="String">Bureau</Data></Cell>
    <Cell><Data ss:Type="String">Desktop</Data></Cell>
    <Cell><Data ss:Type="String">Desktop</Data></Cell>
    <Cell><Data ss:Type="String">Desktop</Data></Cell>
   </Row>
   <Row ss:AutoFitHeight="0">
    <Cell><Data ss:Type="String">System Colours</Data></Cell>
    <Cell><Data ss:Type="String">Coleurs système</Data></Cell>
    <Cell><Data ss:Type="String">System Colours</Data></Cell>
    <Cell><Data ss:Type="String">System Colours</Data></Cell>
    <Cell><Data ss:Type="String">System Colours</Data></Cell>
   </Row>
   <Row ss:AutoFitHeight="0">
    <Cell><Data ss:Type="String">Are you sure you want to reset all colours to their default values?</Data></Cell>
    <Cell><Data ss:Type="String">Es-tu certainde vouloir remettre toutes les couleurs à leur valeur d'origine?</Data></Cell>
    <Cell><Data ss:Type="String">Are you sure you want to reset all colours to their default values?</Data></Cell>
    <Cell><Data ss:Type="String">Are you sure you want to reset all colours to their default values?</Data></Cell>
    <Cell><Data ss:Type="String">Are you sure you want to reset all colours to their default values?</Data></Cell>
   </Row>
   <Row ss:AutoFitHeight="0">
    <Cell><Data ss:Type="String">Colours</Data></Cell>
    <Cell><Data ss:Type="String">Couleurs</Data></Cell>
    <Cell><Data ss:Type="String">Colours</Data></Cell>
    <Cell><Data ss:Type="String">Colours</Data></Cell>
    <Cell><Data ss:Type="String">Colours</Data></Cell>
   </Row>
   <Row ss:AutoFitHeight="0">
    <Cell><Data ss:Type="String">[FONT]</Data></Cell>
    <Cell><Data ss:Type="String">[FONT]</Data></Cell>
    <Cell><Data ss:Type="String">[FONT]</Data></Cell>
    <Cell><Data ss:Type="String">[FONT]</Data></Cell>
    <Cell><Data ss:Type="String">[FONT]</Data></Cell>
   </Row>
   <Row ss:AutoFitHeight="0">
    <Cell><Data ss:Type="String">Font Name : %s</Data></Cell>
    <Cell><Data ss:Type="String">Nom : %s</Data></Cell>
    <Cell><Data ss:Type="String">Font Name : %s</Data></Cell>
    <Cell><Data ss:Type="String">Font Name : %s</Data></Cell>
    <Cell><Data ss:Type="String">Font Name : %s</Data></Cell>
   </Row>
   <Row ss:AutoFitHeight="0">
    <Cell><Data ss:Type="String">Font Height : %d</Data></Cell>
    <Cell><Data ss:Type="String">Hauteur : %d</Data></Cell>
    <Cell><Data ss:Type="String">Font Height : %d</Data></Cell>
    <Cell><Data ss:Type="String">Font Height : %d</Data></Cell>
    <Cell><Data ss:Type="String">Font Height : %d</Data></Cell>
   </Row>
   <Row ss:AutoFitHeight="0">
    <Cell><Data ss:Type="String">Font Ascent : %d</Data></Cell>
    <Cell><Data ss:Type="String">Ascent : %d</Data></Cell>
    <Cell><Data ss:Type="String">Font Ascent : %d</Data></Cell>
    <Cell><Data ss:Type="String">Font Ascent : %d</Data></Cell>
    <Cell><Data ss:Type="String">Font Ascent : %d</Data></Cell>
   </Row>
   <Row ss:AutoFitHeight="0">
    <Cell><Data ss:Type="String">System fonts</Data></Cell>
    <Cell><Data ss:Type="String">Police du système</Data></Cell>
    <Cell><Data ss:Type="String">System fonts</Data></Cell>
    <Cell><Data ss:Type="String">System fonts</Data></Cell>
    <Cell><Data ss:Type="String">System fonts</Data></Cell>
   </Row>
   <Row ss:AutoFitHeight="0">
    <Cell><Data ss:Type="String">Font Information</Data></Cell>
    <Cell><Data ss:Type="String">Informations Polices</Data></Cell>
    <Cell><Data ss:Type="String">Font Information</Data></Cell>
    <Cell><Data ss:Type="String">Font Information</Data></Cell>
    <Cell><Data ss:Type="String">Font Information</Data></Cell>
   </Row>
   <Row ss:AutoFitHeight="0">
    <Cell><Data ss:Type="String">Double click on entry to change current font</Data></Cell>
    <Cell><Data ss:Type="String">Double-click sur un élément pour la changer</Data></Cell>
    <Cell><Data ss:Type="String">Double click on entry to change current font</Data></Cell>
    <Cell><Data ss:Type="String">Double click on entry to change current font</Data></Cell>
    <Cell><Data ss:Type="String">Double click on entry to change current font</Data></Cell>
   </Row>
   <Row ss:AutoFitHeight="0">
    <Cell><Data ss:Type="String">Title font</Data></Cell>
    <Cell><Data ss:Type="String">Police pour les titres</Data></Cell>
    <Cell><Data ss:Type="String">Title font</Data></Cell>
    <Cell><Data ss:Type="String">Title font</Data></Cell>
    <Cell><Data ss:Type="String">Title font</Data></Cell>
   </Row>
   <Row ss:AutoFitHeight="0">
    <Cell><Data ss:Type="String">Menu font</Data></Cell>
    <Cell><Data ss:Type="String">Police pour les menus</Data></Cell>
    <Cell><Data ss:Type="String">Menu font</Data></Cell>
    <Cell><Data ss:Type="String">Menu font</Data></Cell>
    <Cell><Data ss:Type="String">Menu font</Data></Cell>
   </Row>
   <Row ss:AutoFitHeight="0">
    <Cell><Data ss:Type="String">Gadget font</Data></Cell>
    <Cell><Data ss:Type="String">Police pour les gadgets</Data></Cell>
    <Cell><Data ss:Type="String">Gadget font</Data></Cell>
    <Cell><Data ss:Type="String">Gadget font</Data></Cell>
    <Cell><Data ss:Type="String">Gadget font</Data></Cell>
   </Row>
   <Row ss:AutoFitHeight="0">
    <Cell><Data ss:Type="String">Hover font</Data></Cell>
    <Cell><Data ss:Type="String">Police pour les info-bulles</Data></Cell>
    <Cell><Data ss:Type="String">Hover font</Data></Cell>
    <Cell><Data ss:Type="String">Hover font</Data></Cell>
    <Cell><Data ss:Type="String">Hover font</Data></Cell>
   </Row>
   <Row ss:AutoFitHeight="0">
    <Cell><Data ss:Type="String">[FRAME]</Data></Cell>
    <Cell><Data ss:Type="String">[FRAME]</Data></Cell>
    <Cell><Data ss:Type="String">[FRAME]</Data></Cell>
    <Cell><Data ss:Type="String">[FRAME]</Data></Cell>
    <Cell><Data ss:Type="String">[FRAME]</Data></Cell>
   </Row>
   <Row ss:AutoFitHeight="0">
    <Cell><Data ss:Type="String">Set video sync</Data></Cell>
    <Cell><Data ss:Type="String">Régler la synchro vidéo</Data></Cell>
    <Cell><Data ss:Type="String">Set video sync</Data></Cell>
    <Cell><Data ss:Type="String">Set video sync</Data></Cell>
    <Cell><Data ss:Type="String">Set video sync</Data></Cell>
   </Row>
   <Row ss:AutoFitHeight="0">
    <Cell><Data ss:Type="String">Video sync</Data></Cell>
    <Cell><Data ss:Type="String">Synchro vidéo</Data></Cell>
    <Cell><Data ss:Type="String">Video sync</Data></Cell>
    <Cell><Data ss:Type="String">Video sync</Data></Cell>
    <Cell><Data ss:Type="String">Video sync</Data></Cell>
   </Row>
   <Row ss:AutoFitHeight="0">
    <Cell><Data ss:Type="String">[RES]</Data></Cell>
    <Cell><Data ss:Type="String">[RES]</Data></Cell>
    <Cell><Data ss:Type="String">[RES]</Data></Cell>
    <Cell><Data ss:Type="String">[RES]</Data></Cell>
    <Cell><Data ss:Type="String">[RES]</Data></Cell>
   </Row>
   <Row ss:AutoFitHeight="0">
    <Cell><Data ss:Type="String">Two Monitors</Data></Cell>
    <Cell><Data ss:Type="String">Deux écrans</Data></Cell>
    <Cell><Data ss:Type="String">Two Monitors</Data></Cell>
    <Cell><Data ss:Type="String">Two Monitors</Data></Cell>
    <Cell><Data ss:Type="String">Two Monitors</Data></Cell>
   </Row>
   <Row ss:AutoFitHeight="0">
    <Cell><Data ss:Type="String">Display</Data></Cell>
    <Cell><Data ss:Type="String">Affichage</Data></Cell>
    <Cell><Data ss:Type="String">Display</Data></Cell>
    <Cell><Data ss:Type="String">Display</Data></Cell>
    <Cell><Data ss:Type="String">Display</Data></Cell>
   </Row>
   <Row ss:AutoFitHeight="0">
    <Cell><Data ss:Type="String">Screenshots quality</Data></Cell>
    <Cell><Data ss:Type="String">Qualité Screenshots</Data></Cell>
    <Cell><Data ss:Type="String">Screenshots quality</Data></Cell>
    <Cell><Data ss:Type="String">Screenshots quality</Data></Cell>
    <Cell><Data ss:Type="String">Screenshots quality</Data></Cell>
   </Row>
   <Row ss:AutoFitHeight="0">
    <Cell><Data ss:Type="String">Screenshots width</Data></Cell>
    <Cell><Data ss:Type="String">Largeur screenshots</Data></Cell>
    <Cell><Data ss:Type="String">Screenshots width</Data></Cell>
    <Cell><Data ss:Type="String">Screenshots width</Data></Cell>
    <Cell><Data ss:Type="String">Screenshots width</Data></Cell>
   </Row>
   <Row ss:AutoFitHeight="0">
    <Cell><Data ss:Type="String">Thumbnails quality</Data></Cell>
    <Cell><Data ss:Type="String">Qualité vignettes</Data></Cell>
    <Cell><Data ss:Type="String">Thumbnails quality</Data></Cell>
    <Cell><Data ss:Type="String">Thumbnails quality</Data></Cell>
    <Cell><Data ss:Type="String">Thumbnails quality</Data></Cell>
   </Row>
   <Row ss:AutoFitHeight="0">
    <Cell><Data ss:Type="String">Thumbnails width</Data></Cell>
    <Cell><Data ss:Type="String">Largeur vignettes</Data></Cell>
    <Cell><Data ss:Type="String">Thumbnails width</Data></Cell>
    <Cell><Data ss:Type="String">Thumbnails width</Data></Cell>
    <Cell><Data ss:Type="String">Thumbnails width</Data></Cell>
   </Row>
   <Row ss:AutoFitHeight="0">
    <Cell><Data ss:Type="String">[KEYBOARD]</Data></Cell>
    <Cell><Data ss:Type="String">[KEYBOARD]</Data></Cell>
    <Cell><Data ss:Type="String">[KEYBOARD]</Data></Cell>
    <Cell><Data ss:Type="String">[KEYBOARD]</Data></Cell>
    <Cell><Data ss:Type="String">[KEYBOARD]</Data></Cell>
   </Row>
   <Row ss:AutoFitHeight="0">
    <Cell><Data ss:Type="String">AutoRepeat settings</Data></Cell>
    <Cell><Data ss:Type="String">Répétition du caractère</Data></Cell>
    <Cell><Data ss:Type="String">AutoRepeat settings</Data></Cell>
    <Cell><Data ss:Type="String">AutoRepeat settings</Data></Cell>
    <Cell><Data ss:Type="String">AutoRepeat settings</Data></Cell>
   </Row>
   <Row ss:AutoFitHeight="0">
    <Cell><Data ss:Type="String">Ok</Data></Cell>
    <Cell><Data ss:Type="String">Ok</Data></Cell>
    <Cell><Data ss:Type="String">Ok</Data></Cell>
    <Cell><Data ss:Type="String">Ok</Data></Cell>
    <Cell><Data ss:Type="String">Ok</Data></Cell>
   </Row>
   <Row ss:AutoFitHeight="0">
    <Cell><Data ss:Type="String">Cancel</Data></Cell>
    <Cell><Data ss:Type="String">Annuler</Data></Cell>
    <Cell><Data ss:Type="String">Cancel</Data></Cell>
    <Cell><Data ss:Type="String">Cancel</Data></Cell>
    <Cell><Data ss:Type="String">Cancel</Data></Cell>
   </Row>
   <Row ss:AutoFitHeight="0">
    <Cell><Data ss:Type="String">Defaults</Data></Cell>
    <Cell><Data ss:Type="String">Defauts</Data></Cell>
    <Cell><Data ss:Type="String">Defaults</Data></Cell>
    <Cell><Data ss:Type="String">Defaults</Data></Cell>
    <Cell><Data ss:Type="String">Defaults</Data></Cell>
   </Row>
   <Row ss:AutoFitHeight="0">
    <Cell><Data ss:Type="String">Key Delay</Data></Cell>
    <Cell><Data ss:Type="String">Delai de répétition</Data></Cell>
    <Cell><Data ss:Type="String">Key Delay</Data></Cell>
    <Cell><Data ss:Type="String">Key Delay</Data></Cell>
    <Cell><Data ss:Type="String">Key Delay</Data></Cell>
   </Row>
   <Row ss:AutoFitHeight="0">
    <Cell><Data ss:Type="String">Short</Data></Cell>
    <Cell><Data ss:Type="String">Court</Data></Cell>
    <Cell><Data ss:Type="String">Short</Data></Cell>
    <Cell><Data ss:Type="String">Short</Data></Cell>
    <Cell><Data ss:Type="String">Short</Data></Cell>
   </Row>
   <Row ss:AutoFitHeight="0">
    <Cell><Data ss:Type="String">Long</Data></Cell>
    <Cell><Data ss:Type="String">Long</Data></Cell>
    <Cell><Data ss:Type="String">Long</Data></Cell>
    <Cell><Data ss:Type="String">Long</Data></Cell>
    <Cell><Data ss:Type="String">Long</Data></Cell>
   </Row>
   <Row ss:AutoFitHeight="0">
    <Cell><Data ss:Type="String">Key Repeat</Data></Cell>
    <Cell><Data ss:Type="String">Fréquence de répétition</Data></Cell>
    <Cell><Data ss:Type="String">Key Repeat</Data></Cell>
    <Cell><Data ss:Type="String">Key Repeat</Data></Cell>
    <Cell><Data ss:Type="String">Key Repeat</Data></Cell>
   </Row>
   <Row ss:AutoFitHeight="0">
    <Cell><Data ss:Type="String">Fast</Data></Cell>
    <Cell><Data ss:Type="String">Rapide</Data></Cell>
    <Cell><Data ss:Type="String">Fast</Data></Cell>
    <Cell><Data ss:Type="String">Fast</Data></Cell>
    <Cell><Data ss:Type="String">Fast</Data></Cell>
   </Row>
   <Row ss:AutoFitHeight="0">
    <Cell><Data ss:Type="String">Slow</Data></Cell>
    <Cell><Data ss:Type="String">Lente</Data></Cell>
    <Cell><Data ss:Type="String">Slow</Data></Cell>
    <Cell><Data ss:Type="String">Slow</Data></Cell>
    <Cell><Data ss:Type="String">Slow</Data></Cell>
   </Row>
   <Row ss:AutoFitHeight="0">
    <Cell><Data ss:Type="String">Auto Repeat</Data></Cell>
    <Cell><Data ss:Type="String">Répétition automatique</Data></Cell>
    <Cell><Data ss:Type="String">Auto Repeat</Data></Cell>
    <Cell><Data ss:Type="String">Auto Repeat</Data></Cell>
    <Cell><Data ss:Type="String">Auto Repeat</Data></Cell>
   </Row>
   <Row ss:AutoFitHeight="0">
    <Cell><Data ss:Type="String">Cursor blink rate</Data></Cell>
    <Cell><Data ss:Type="String">Fréquence de clignottement du curseur</Data></Cell>
    <Cell><Data ss:Type="String">Cursor blink rate</Data></Cell>
    <Cell><Data ss:Type="String">Cursor blink rate</Data></Cell>
    <Cell><Data ss:Type="String">Cursor blink rate</Data></Cell>
   </Row>
  </Table>
  <WorksheetOptions xmlns="urn:schemas-microsoft-com:office:excel">
   <PageSetup>
    <Header x:Margin="0.4921259845"/>
    <Footer x:Margin="0.4921259845"/>
    <PageMargins x:Bottom="0.984251969" x:Left="0.78740157499999996"
     x:Right="0.78740157499999996" x:Top="0.984251969"/>
   </PageSetup>
   <Unsynced/>
   <Selected/>
   <LeftColumnVisible>1</LeftColumnVisible>
   <Panes>
    <Pane>
     <Number>3</Number>
     <ActiveRow>16</ActiveRow>
     <ActiveCol>1</ActiveCol>
    </Pane>
   </Panes>
   <ProtectObjects>False</ProtectObjects>
   <ProtectScenarios>False</ProtectScenarios>
  </WorksheetOptions>
 </Worksheet>
</Workbook>
