<?xml version="1.0"?>
<?mso-application progid="Excel.Sheet"?>
<Workbook xmlns="urn:schemas-microsoft-com:office:spreadsheet"
 xmlns:o="urn:schemas-microsoft-com:office:office"
 xmlns:x="urn:schemas-microsoft-com:office:excel"
 xmlns:ss="urn:schemas-microsoft-com:office:spreadsheet"
 xmlns:html="http://www.w3.org/TR/REC-html40">
 <DocumentProperties xmlns="urn:schemas-microsoft-com:office:office">
  <LastAuthor>et</LastAuthor>
  <Created>2004-08-01T10:24:13Z</Created>
  <Version>11.5606</Version>
 </DocumentProperties>
 <OfficeDocumentSettings xmlns="urn:schemas-microsoft-com:office:office">
  <DoNotRelyOnCSS/>
 </OfficeDocumentSettings>
 <ExcelWorkbook xmlns="urn:schemas-microsoft-com:office:excel">
  <WindowHeight>12264</WindowHeight>
  <WindowWidth>18240</WindowWidth>
  <WindowTopX>480</WindowTopX>
  <WindowTopY>72</WindowTopY>
  <ProtectStructure>False</ProtectStructure>
  <ProtectWindows>False</ProtectWindows>
 </ExcelWorkbook>
 <Styles>
  <Style ss:ID="Default" ss:Name="Normal">
   <Alignment ss:Vertical="Bottom"/>
   <Borders/>
   <Font/>
   <Interior/>
   <NumberFormat/>
   <Protection/>
  </Style>
  <Style ss:ID="s21">
   <Alignment ss:Vertical="Bottom"/>
   <Font/>
   <Protection ss:Protected="0"/>
  </Style>
  <Style ss:ID="s22">
   <Alignment ss:Horizontal="Left" ss:Vertical="Bottom"/>
   <Font/>
   <Protection ss:Protected="0"/>
  </Style>
 </Styles>
 <Worksheet ss:Name="ResourceBuilder">
  <Table ss:ExpandedColumnCount="5" ss:ExpandedRowCount="26" x:FullColumns="1"
   x:FullRows="1" ss:DefaultColumnWidth="62.400000000000006"
   ss:DefaultRowHeight="13.2">
   <Column ss:AutoFitWidth="0" ss:Width="261.6"/>
   <Column ss:AutoFitWidth="0" ss:Width="308.4"/>
   <Column ss:AutoFitWidth="0" ss:Width="261.6"/>
   <Column ss:AutoFitWidth="0" ss:Width="180.6"/>
   <Column ss:AutoFitWidth="0" ss:Width="175.2"/>
   <Row ss:AutoFitHeight="0">
    <Cell><Data ss:Type="String">[ENGLISH]</Data></Cell>
    <Cell><Data ss:Type="String">[FRENCH]</Data></Cell>
    <Cell><Data ss:Type="String">[GERMAN]</Data></Cell>
    <Cell ss:StyleID="s21"><Data ss:Type="String">[RUSSIAN]</Data></Cell>
    <Cell ss:StyleID="s22"><Data ss:Type="String">[POLISH]</Data></Cell>
   </Row>
   <Row ss:AutoFitHeight="0">
    <Cell><Data ss:Type="String">[COMMON]</Data></Cell>
    <Cell><Data ss:Type="String">[COMMON]</Data></Cell>
    <Cell><Data ss:Type="String">[COMMON]</Data></Cell>
    <Cell ss:StyleID="s21"><Data ss:Type="String">[COMMON]</Data></Cell>
    <Cell ss:StyleID="s22"><Data ss:Type="String">[COMMON]</Data></Cell>
   </Row>
   <Row ss:AutoFitHeight="0">
    <Cell><Data ss:Type="String">Save Block</Data></Cell>
    <Cell><Data ss:Type="String">Enregistrer Bloc</Data></Cell>
    <Cell><Data ss:Type="String">Save Block</Data></Cell>
    <Cell><Data ss:Type="String">Save Block</Data></Cell>
    <Cell><Data ss:Type="String">Save Block</Data></Cell>
   </Row>
   <Row ss:AutoFitHeight="0">
    <Cell><Data ss:Type="String">Save</Data></Cell>
    <Cell><Data ss:Type="String">Enregistrer</Data></Cell>
    <Cell><Data ss:Type="String">Save</Data></Cell>
    <Cell><Data ss:Type="String">Save</Data></Cell>
    <Cell><Data ss:Type="String">Save</Data></Cell>
   </Row>
   <Row ss:AutoFitHeight="0">
    <Cell><Data ss:Type="String">Cancel</Data></Cell>
    <Cell><Data ss:Type="String">Annuler</Data></Cell>
    <Cell><Data ss:Type="String">Cancel</Data></Cell>
    <Cell><Data ss:Type="String">Cancel</Data></Cell>
    <Cell><Data ss:Type="String">Cancel</Data></Cell>
   </Row>
   <Row ss:AutoFitHeight="0">
    <Cell><Data ss:Type="String">Scanning file structure</Data></Cell>
    <Cell><Data ss:Type="String">Optimisation structure ficher</Data></Cell>
    <Cell><Data ss:Type="String">Scanning file structure</Data></Cell>
    <Cell><Data ss:Type="String">Scanning file structure</Data></Cell>
    <Cell><Data ss:Type="String">Scanning file structure</Data></Cell>
   </Row>
   <Row ss:AutoFitHeight="0">
    <Cell><Data ss:Type="String">Building block nodes</Data></Cell>
    <Cell><Data ss:Type="String">Construction des noeuds dubloc </Data></Cell>
    <Cell><Data ss:Type="String">Building block nodes</Data></Cell>
    <Cell><Data ss:Type="String">Building block nodes</Data></Cell>
    <Cell><Data ss:Type="String">Building block nodes</Data></Cell>
   </Row>
   <Row ss:AutoFitHeight="0">
    <Cell><Data ss:Type="String">Preparing buffers</Data></Cell>
    <Cell><Data ss:Type="String">Préparation tampon</Data></Cell>
    <Cell><Data ss:Type="String">Preparing buffers</Data></Cell>
    <Cell><Data ss:Type="String">Preparing buffers</Data></Cell>
    <Cell><Data ss:Type="String">Preparing buffers</Data></Cell>
   </Row>
   <Row ss:AutoFitHeight="0">
    <Cell><Data ss:Type="String">Resource builder</Data></Cell>
    <Cell><Data ss:Type="String">Constructeur de Resource</Data></Cell>
    <Cell><Data ss:Type="String">Resource builder</Data></Cell>
    <Cell><Data ss:Type="String">Resource builder</Data></Cell>
    <Cell><Data ss:Type="String">Resource builder</Data></Cell>
   </Row>
   <Row ss:AutoFitHeight="0">
    <Cell><Data ss:Type="String">The resource block '%s' has not been saved, save now?</Data></Cell>
    <Cell><Data ss:Type="String">Le bloc resource '%s' n'est pas enregristré,l'enregristrer maintenant?</Data></Cell>
    <Cell><Data ss:Type="String">The resource block '%s' has not been saved, save now?</Data></Cell>
    <Cell><Data ss:Type="String">The resource block '%s' has not been saved, save now?</Data></Cell>
    <Cell><Data ss:Type="String">The resource block '%s' has not been saved, save now?</Data></Cell>
   </Row>
   <Row ss:AutoFitHeight="0">
    <Cell><Data ss:Type="String">New resource</Data></Cell>
    <Cell><Data ss:Type="String">Nouvelle resource</Data></Cell>
    <Cell><Data ss:Type="String">New resource</Data></Cell>
    <Cell><Data ss:Type="String">New resource</Data></Cell>
    <Cell><Data ss:Type="String">New resource</Data></Cell>
   </Row>
   <Row ss:AutoFitHeight="0">
    <Cell><Data ss:Type="String">Open Block</Data></Cell>
    <Cell><Data ss:Type="String">Ouvrir Block</Data></Cell>
    <Cell><Data ss:Type="String">Open Block</Data></Cell>
    <Cell><Data ss:Type="String">Open Block</Data></Cell>
    <Cell><Data ss:Type="String">Open Block</Data></Cell>
   </Row>
   <Row ss:AutoFitHeight="0">
    <Cell><Data ss:Type="String">Open</Data></Cell>
    <Cell><Data ss:Type="String">Ouvrir</Data></Cell>
    <Cell><Data ss:Type="String">Open</Data></Cell>
    <Cell><Data ss:Type="String">Open</Data></Cell>
    <Cell><Data ss:Type="String">Open</Data></Cell>
   </Row>
   <Row ss:AutoFitHeight="0">
    <Cell><Data ss:Type="String">About Resource builder</Data></Cell>
    <Cell><Data ss:Type="String">A propos du Constructeur de Resource</Data></Cell>
    <Cell><Data ss:Type="String">About Resource builder</Data></Cell>
    <Cell><Data ss:Type="String">About Resource builder</Data></Cell>
    <Cell><Data ss:Type="String">About Resource builder</Data></Cell>
   </Row>
   <Row ss:AutoFitHeight="0">
    <Cell><Data ss:Type="String">Resource builder Version 0.2</Data></Cell>
    <Cell><Data ss:Type="String">Constructeur de Resource Version 0.2</Data></Cell>
    <Cell><Data ss:Type="String">Resource builder Version 0.2</Data></Cell>
    <Cell><Data ss:Type="String">Resource builder Version 0.2</Data></Cell>
    <Cell><Data ss:Type="String">Resource builder Version 0.2</Data></Cell>
   </Row>
   <Row ss:AutoFitHeight="0">
    <Cell><Data ss:Type="String">File</Data></Cell>
    <Cell><Data ss:Type="String">Ficher</Data></Cell>
    <Cell><Data ss:Type="String">File</Data></Cell>
    <Cell><Data ss:Type="String">File</Data></Cell>
    <Cell><Data ss:Type="String">File</Data></Cell>
   </Row>
   <Row ss:AutoFitHeight="0">
    <Cell><Data ss:Type="String">New layout</Data></Cell>
    <Cell><Data ss:Type="String">Nouveaux bloc</Data></Cell>
    <Cell><Data ss:Type="String">New layout</Data></Cell>
    <Cell><Data ss:Type="String">New layout</Data></Cell>
    <Cell><Data ss:Type="String">New layout</Data></Cell>
   </Row>
   <Row ss:AutoFitHeight="0">
    <Cell><Data ss:Type="String">Close</Data></Cell>
    <Cell><Data ss:Type="String">Fermer</Data></Cell>
    <Cell><Data ss:Type="String">Close</Data></Cell>
    <Cell><Data ss:Type="String">Close</Data></Cell>
    <Cell><Data ss:Type="String">Close</Data></Cell>
   </Row>
   <Row ss:AutoFitHeight="0">
    <Cell><Data ss:Type="String">Save as...</Data></Cell>
    <Cell><Data ss:Type="String">Enregistrer sous...</Data></Cell>
    <Cell><Data ss:Type="String">Save as...</Data></Cell>
    <Cell><Data ss:Type="String">Save as...</Data></Cell>
    <Cell><Data ss:Type="String">Save as...</Data></Cell>
   </Row>
   <Row ss:AutoFitHeight="0">
    <Cell><Data ss:Type="String">Save all</Data></Cell>
    <Cell><Data ss:Type="String">Enregistrer tout</Data></Cell>
    <Cell><Data ss:Type="String">Save all</Data></Cell>
    <Cell><Data ss:Type="String">Save all</Data></Cell>
    <Cell><Data ss:Type="String">Save all</Data></Cell>
   </Row>
   <Row ss:AutoFitHeight="0">
    <Cell><Data ss:Type="String">Exit</Data></Cell>
    <Cell><Data ss:Type="String">Quitter</Data></Cell>
    <Cell><Data ss:Type="String">Exit</Data></Cell>
    <Cell><Data ss:Type="String">Exit</Data></Cell>
    <Cell><Data ss:Type="String">Exit</Data></Cell>
   </Row>
   <Row ss:AutoFitHeight="0">
    <Cell><Data ss:Type="String">Options</Data></Cell>
    <Cell><Data ss:Type="String">Options</Data></Cell>
    <Cell><Data ss:Type="String">Options</Data></Cell>
    <Cell><Data ss:Type="String">Options</Data></Cell>
    <Cell><Data ss:Type="String">Options</Data></Cell>
   </Row>
   <Row ss:AutoFitHeight="0">
    <Cell><Data ss:Type="String">Compress blocks</Data></Cell>
    <Cell><Data ss:Type="String">Compresser les blocs</Data></Cell>
    <Cell><Data ss:Type="String">Compress blocks</Data></Cell>
    <Cell><Data ss:Type="String">Compress blocks</Data></Cell>
    <Cell><Data ss:Type="String">Compress blocks</Data></Cell>
   </Row>
   <Row ss:AutoFitHeight="0">
    <Cell><Data ss:Type="String">Help</Data></Cell>
    <Cell><Data ss:Type="String">Aide</Data></Cell>
    <Cell><Data ss:Type="String">Help</Data></Cell>
    <Cell><Data ss:Type="String">Help</Data></Cell>
    <Cell><Data ss:Type="String">Help</Data></Cell>
   </Row>
   <Row ss:AutoFitHeight="0">
    <Cell><Data ss:Type="String">About</Data></Cell>
    <Cell><Data ss:Type="String">A propos de...</Data></Cell>
    <Cell><Data ss:Type="String">About</Data></Cell>
    <Cell><Data ss:Type="String">About</Data></Cell>
    <Cell><Data ss:Type="String">About</Data></Cell>
   </Row>
   <Row ss:AutoFitHeight="0">
    <Cell><Data ss:Type="String">Saving resource block</Data></Cell>
    <Cell><Data ss:Type="String">En train d'enregistrer le bloc resource</Data></Cell>
    <Cell><Data ss:Type="String">Saving resource block</Data></Cell>
    <Cell><Data ss:Type="String">Saving resource block</Data></Cell>
    <Cell><Data ss:Type="String">Saving resource block</Data></Cell>
   </Row>
  </Table>
  <WorksheetOptions xmlns="urn:schemas-microsoft-com:office:excel">
   <PageSetup>
    <Header x:Margin="0.4921259845"/>
    <Footer x:Margin="0.4921259845"/>
    <PageMargins x:Bottom="0.984251969" x:Left="0.78740157499999996"
     x:Right="0.78740157499999996" x:Top="0.984251969"/>
   </PageSetup>
   <Unsynced/>
   <Selected/>
   <LeftColumnVisible>1</LeftColumnVisible>
   <Panes>
    <Pane>
     <Number>3</Number>
     <ActiveRow>2</ActiveRow>
     <ActiveCol>4</ActiveCol>
     <RangeSelection>R3C5:R26C5</RangeSelection>
    </Pane>
   </Panes>
   <ProtectObjects>False</ProtectObjects>
   <ProtectScenarios>False</ProtectScenarios>
  </WorksheetOptions>
 </Worksheet>
</Workbook>
