<?xml version="1.0"?>
<?mso-application progid="Excel.Sheet"?>
<Workbook xmlns="urn:schemas-microsoft-com:office:spreadsheet"
 xmlns:o="urn:schemas-microsoft-com:office:office"
 xmlns:x="urn:schemas-microsoft-com:office:excel"
 xmlns:ss="urn:schemas-microsoft-com:office:spreadsheet"
 xmlns:html="http://www.w3.org/TR/REC-html40">
 <DocumentProperties xmlns="urn:schemas-microsoft-com:office:office">
  <LastAuthor>et</LastAuthor>
  <Created>2004-08-01T10:25:16Z</Created>
  <Version>11.5606</Version>
 </DocumentProperties>
 <OfficeDocumentSettings xmlns="urn:schemas-microsoft-com:office:office">
  <DoNotRelyOnCSS/>
 </OfficeDocumentSettings>
 <ExcelWorkbook xmlns="urn:schemas-microsoft-com:office:excel">
  <WindowHeight>12264</WindowHeight>
  <WindowWidth>18240</WindowWidth>
  <WindowTopX>480</WindowTopX>
  <WindowTopY>72</WindowTopY>
  <ProtectStructure>False</ProtectStructure>
  <ProtectWindows>False</ProtectWindows>
 </ExcelWorkbook>
 <Styles>
  <Style ss:ID="Default" ss:Name="Normal">
   <Alignment ss:Vertical="Bottom"/>
   <Borders/>
   <Font/>
   <Interior/>
   <NumberFormat/>
   <Protection/>
  </Style>
  <Style ss:ID="s21">
   <Alignment ss:Vertical="Bottom"/>
   <Font/>
   <Protection ss:Protected="0"/>
  </Style>
  <Style ss:ID="s22">
   <Alignment ss:Horizontal="Left" ss:Vertical="Bottom"/>
   <Font/>
   <Protection ss:Protected="0"/>
  </Style>
 </Styles>
 <Worksheet ss:Name="Selectors">
  <Table ss:ExpandedColumnCount="5" ss:ExpandedRowCount="31" x:FullColumns="1"
   x:FullRows="1" ss:DefaultColumnWidth="62.400000000000006"
   ss:DefaultRowHeight="13.2">
   <Column ss:AutoFitWidth="0" ss:Width="232.20000000000002"/>
   <Column ss:AutoFitWidth="0" ss:Width="269.4"/>
   <Column ss:AutoFitWidth="0" ss:Width="232.20000000000002"/>
   <Row ss:AutoFitHeight="0">
    <Cell><Data ss:Type="String">[ENGLISH]</Data></Cell>
    <Cell><Data ss:Type="String">[FRENCH]</Data></Cell>
    <Cell><Data ss:Type="String">[GERMAN]</Data></Cell>
    <Cell ss:StyleID="s21"><Data ss:Type="String">[RUSSIAN]</Data></Cell>
    <Cell ss:StyleID="s22"><Data ss:Type="String">[POLISH]</Data></Cell>
   </Row>
   <Row ss:AutoFitHeight="0">
    <Cell><Data ss:Type="String">[COLOUR]</Data></Cell>
    <Cell><Data ss:Type="String">[COLOUR]</Data></Cell>
    <Cell><Data ss:Type="String">[COLOUR]</Data></Cell>
    <Cell><Data ss:Type="String">[COLOUR]</Data></Cell>
    <Cell><Data ss:Type="String">[COLOUR]</Data></Cell>
   </Row>
   <Row ss:AutoFitHeight="0">
    <Cell><Data ss:Type="String">R</Data></Cell>
    <Cell><Data ss:Type="String">R</Data></Cell>
    <Cell><Data ss:Type="String">R</Data></Cell>
    <Cell><Data ss:Type="String">R</Data></Cell>
    <Cell><Data ss:Type="String">R</Data></Cell>
   </Row>
   <Row ss:AutoFitHeight="0">
    <Cell><Data ss:Type="String">G</Data></Cell>
    <Cell><Data ss:Type="String">V</Data></Cell>
    <Cell><Data ss:Type="String">G</Data></Cell>
    <Cell><Data ss:Type="String">G</Data></Cell>
    <Cell><Data ss:Type="String">G</Data></Cell>
   </Row>
   <Row ss:AutoFitHeight="0">
    <Cell><Data ss:Type="String">B</Data></Cell>
    <Cell><Data ss:Type="String">B</Data></Cell>
    <Cell><Data ss:Type="String">B</Data></Cell>
    <Cell><Data ss:Type="String">B</Data></Cell>
    <Cell><Data ss:Type="String">B</Data></Cell>
   </Row>
   <Row ss:AutoFitHeight="0">
    <Cell><Data ss:Type="String">H</Data></Cell>
    <Cell><Data ss:Type="String">H</Data></Cell>
    <Cell><Data ss:Type="String">H</Data></Cell>
    <Cell><Data ss:Type="String">H</Data></Cell>
    <Cell><Data ss:Type="String">H</Data></Cell>
   </Row>
   <Row ss:AutoFitHeight="0">
    <Cell><Data ss:Type="String">S</Data></Cell>
    <Cell><Data ss:Type="String">S</Data></Cell>
    <Cell><Data ss:Type="String">S</Data></Cell>
    <Cell><Data ss:Type="String">S</Data></Cell>
    <Cell><Data ss:Type="String">S</Data></Cell>
   </Row>
   <Row ss:AutoFitHeight="0">
    <Cell><Data ss:Type="String">I</Data></Cell>
    <Cell><Data ss:Type="String">I</Data></Cell>
    <Cell><Data ss:Type="String">I</Data></Cell>
    <Cell><Data ss:Type="String">I</Data></Cell>
    <Cell><Data ss:Type="String">I</Data></Cell>
   </Row>
   <Row ss:AutoFitHeight="0">
    <Cell><Data ss:Type="String">Horizontal</Data></Cell>
    <Cell><Data ss:Type="String">Horizontal</Data></Cell>
    <Cell><Data ss:Type="String">Horizontal</Data></Cell>
    <Cell><Data ss:Type="String">Horizontal</Data></Cell>
    <Cell><Data ss:Type="String">Horizontal</Data></Cell>
   </Row>
   <Row ss:AutoFitHeight="0">
    <Cell><Data ss:Type="String">Vertical</Data></Cell>
    <Cell><Data ss:Type="String">Vertical</Data></Cell>
    <Cell><Data ss:Type="String">Vertical</Data></Cell>
    <Cell><Data ss:Type="String">Vertical</Data></Cell>
    <Cell><Data ss:Type="String">Vertical</Data></Cell>
   </Row>
   <Row ss:AutoFitHeight="0">
    <Cell><Data ss:Type="String">Detach</Data></Cell>
    <Cell><Data ss:Type="String">Détacher</Data></Cell>
    <Cell><Data ss:Type="String">Detach</Data></Cell>
    <Cell><Data ss:Type="String">Detach</Data></Cell>
    <Cell><Data ss:Type="String">Detach</Data></Cell>
   </Row>
   <Row ss:AutoFitHeight="0">
    <Cell><Data ss:Type="String">Ok</Data></Cell>
    <Cell><Data ss:Type="String">Ok</Data></Cell>
    <Cell><Data ss:Type="String">Ok</Data></Cell>
    <Cell><Data ss:Type="String">Ok</Data></Cell>
    <Cell><Data ss:Type="String">Ok</Data></Cell>
   </Row>
   <Row ss:AutoFitHeight="0">
    <Cell><Data ss:Type="String">Cancel</Data></Cell>
    <Cell><Data ss:Type="String">Annuler</Data></Cell>
    <Cell><Data ss:Type="String">Cancel</Data></Cell>
    <Cell><Data ss:Type="String">Cancel</Data></Cell>
    <Cell><Data ss:Type="String">Cancel</Data></Cell>
   </Row>
   <Row ss:AutoFitHeight="0">
    <Cell><Data ss:Type="String">Pick</Data></Cell>
    <Cell><Data ss:Type="String">Sélectionner</Data></Cell>
    <Cell><Data ss:Type="String">Pick</Data></Cell>
    <Cell><Data ss:Type="String">Pick</Data></Cell>
    <Cell><Data ss:Type="String">Pick</Data></Cell>
   </Row>
   <Row ss:AutoFitHeight="0">
    <Cell><Data ss:Type="String">[FILE]</Data></Cell>
    <Cell><Data ss:Type="String">[FILE]</Data></Cell>
    <Cell><Data ss:Type="String">[FILE]</Data></Cell>
    <Cell><Data ss:Type="String">[FILE]</Data></Cell>
    <Cell><Data ss:Type="String">[FILE]</Data></Cell>
   </Row>
   <Row ss:AutoFitHeight="0">
    <Cell><Data ss:Type="String">Name</Data></Cell>
    <Cell><Data ss:Type="String">Nom</Data></Cell>
    <Cell><Data ss:Type="String">Name</Data></Cell>
    <Cell><Data ss:Type="String">Name</Data></Cell>
    <Cell><Data ss:Type="String">Name</Data></Cell>
   </Row>
   <Row ss:AutoFitHeight="0">
    <Cell><Data ss:Type="String">Type</Data></Cell>
    <Cell><Data ss:Type="String">Type</Data></Cell>
    <Cell><Data ss:Type="String">Type</Data></Cell>
    <Cell><Data ss:Type="String">Type</Data></Cell>
    <Cell><Data ss:Type="String">Type</Data></Cell>
   </Row>
   <Row ss:AutoFitHeight="0">
    <Cell><Data ss:Type="String">Up a level</Data></Cell>
    <Cell><Data ss:Type="String">Monte un niveau</Data></Cell>
    <Cell><Data ss:Type="String">Up a level</Data></Cell>
    <Cell><Data ss:Type="String">Up a level</Data></Cell>
    <Cell><Data ss:Type="String">Up a level</Data></Cell>
   </Row>
   <Row ss:AutoFitHeight="0">
    <Cell><Data ss:Type="String">[FONT]</Data></Cell>
    <Cell><Data ss:Type="String">[FONT]</Data></Cell>
    <Cell><Data ss:Type="String">[FONT]</Data></Cell>
    <Cell><Data ss:Type="String">[FONT]</Data></Cell>
    <Cell><Data ss:Type="String">[FONT]</Data></Cell>
   </Row>
   <Row ss:AutoFitHeight="0">
    <Cell><Data ss:Type="String">The Quick Brown fax jammed over the lazer hog</Data></Cell>
    <Cell><Data ss:Type="String">Manger un sandwich à la béarnaise est un plaisir physique</Data></Cell>
    <Cell><Data ss:Type="String">The Quick Brown fax jammed over the lazer hog</Data></Cell>
    <Cell><Data ss:Type="String">The Quick Brown fax jammed over the lazer hog</Data></Cell>
    <Cell><Data ss:Type="String">The Quick Brown fax jammed over the lazer hog</Data></Cell>
   </Row>
   <Row ss:AutoFitHeight="0">
    <Cell><Data ss:Type="String">File Error</Data></Cell>
    <Cell><Data ss:Type="String">Erreur de fichier</Data></Cell>
    <Cell><Data ss:Type="String">File Error</Data></Cell>
    <Cell><Data ss:Type="String">File Error</Data></Cell>
    <Cell><Data ss:Type="String">File Error</Data></Cell>
   </Row>
   <Row ss:AutoFitHeight="0">
    <Cell><Data ss:Type="String">Wrong file type or file not found</Data></Cell>
    <Cell><Data ss:Type="String">Mauvais type de fichier, ou fichier introuvable.</Data></Cell>
    <Cell><Data ss:Type="String">Wrong file type or file not found</Data></Cell>
    <Cell><Data ss:Type="String">Wrong file type or file not found</Data></Cell>
    <Cell><Data ss:Type="String">Wrong file type or file not found</Data></Cell>
   </Row>
   <Row ss:AutoFitHeight="0">
    <Cell><Data ss:Type="String">Cancel</Data></Cell>
    <Cell><Data ss:Type="String">Annuler</Data></Cell>
    <Cell><Data ss:Type="String">Cancel</Data></Cell>
    <Cell><Data ss:Type="String">Cancel</Data></Cell>
    <Cell><Data ss:Type="String">Cancel</Data></Cell>
   </Row>
   <Row ss:AutoFitHeight="0">
    <Cell><Data ss:Type="String">[SOUND]</Data></Cell>
    <Cell><Data ss:Type="String">[SOUND]</Data></Cell>
    <Cell><Data ss:Type="String">[SOUND]</Data></Cell>
    <Cell><Data ss:Type="String">[SOUND]</Data></Cell>
    <Cell><Data ss:Type="String">[SOUND]</Data></Cell>
   </Row>
   <Row ss:AutoFitHeight="0">
    <Cell><Data ss:Type="String">File Error</Data></Cell>
    <Cell><Data ss:Type="String">Erreur de fichier</Data></Cell>
    <Cell><Data ss:Type="String">File Error</Data></Cell>
    <Cell><Data ss:Type="String">File Error</Data></Cell>
    <Cell><Data ss:Type="String">File Error</Data></Cell>
   </Row>
   <Row ss:AutoFitHeight="0">
    <Cell><Data ss:Type="String">Wrong file type</Data></Cell>
    <Cell><Data ss:Type="String">Mauvais type de fichier.</Data></Cell>
    <Cell><Data ss:Type="String">Wrong file type</Data></Cell>
    <Cell><Data ss:Type="String">Wrong file type</Data></Cell>
    <Cell><Data ss:Type="String">Wrong file type</Data></Cell>
   </Row>
   <Row ss:AutoFitHeight="0">
    <Cell><Data ss:Type="String">Cancel</Data></Cell>
    <Cell><Data ss:Type="String">Annuler</Data></Cell>
    <Cell><Data ss:Type="String">Cancel</Data></Cell>
    <Cell><Data ss:Type="String">Cancel</Data></Cell>
    <Cell><Data ss:Type="String">Cancel</Data></Cell>
   </Row>
   <Row ss:AutoFitHeight="0">
    <Cell><Data ss:Type="String">[TEXTURE]</Data></Cell>
    <Cell><Data ss:Type="String">[TEXTURE]</Data></Cell>
    <Cell><Data ss:Type="String">[TEXTURE]</Data></Cell>
    <Cell><Data ss:Type="String">[TEXTURE]</Data></Cell>
    <Cell><Data ss:Type="String">[TEXTURE]</Data></Cell>
   </Row>
   <Row ss:AutoFitHeight="0">
    <Cell><Data ss:Type="String">File Error</Data></Cell>
    <Cell><Data ss:Type="String">Erreur de fichier</Data></Cell>
    <Cell><Data ss:Type="String">File Error</Data></Cell>
    <Cell><Data ss:Type="String">File Error</Data></Cell>
    <Cell><Data ss:Type="String">File Error</Data></Cell>
   </Row>
   <Row ss:AutoFitHeight="0">
    <Cell><Data ss:Type="String">Wrong file type</Data></Cell>
    <Cell><Data ss:Type="String">Mauvais type de fichier.</Data></Cell>
    <Cell><Data ss:Type="String">Wrong file type</Data></Cell>
    <Cell><Data ss:Type="String">Wrong file type</Data></Cell>
    <Cell><Data ss:Type="String">Wrong file type</Data></Cell>
   </Row>
   <Row ss:AutoFitHeight="0">
    <Cell><Data ss:Type="String">Cancel</Data></Cell>
    <Cell><Data ss:Type="String">Annuler</Data></Cell>
    <Cell><Data ss:Type="String">Cancel</Data></Cell>
    <Cell><Data ss:Type="String">Cancel</Data></Cell>
    <Cell><Data ss:Type="String">Cancel</Data></Cell>
   </Row>
  </Table>
  <WorksheetOptions xmlns="urn:schemas-microsoft-com:office:excel">
   <PageSetup>
    <Header x:Margin="0.4921259845"/>
    <Footer x:Margin="0.4921259845"/>
    <PageMargins x:Bottom="0.984251969" x:Left="0.78740157499999996"
     x:Right="0.78740157499999996" x:Top="0.984251969"/>
   </PageSetup>
   <Unsynced/>
   <Selected/>
   <Panes>
    <Pane>
     <Number>3</Number>
     <ActiveRow>1</ActiveRow>
     <ActiveCol>4</ActiveCol>
     <RangeSelection>R2C5:R31C5</RangeSelection>
    </Pane>
   </Panes>
   <ProtectObjects>False</ProtectObjects>
   <ProtectScenarios>False</ProtectScenarios>
  </WorksheetOptions>
 </Worksheet>
</Workbook>
