<?xml version="1.0"?>
<?mso-application progid="Excel.Sheet"?>
<Workbook xmlns="urn:schemas-microsoft-com:office:spreadsheet"
 xmlns:o="urn:schemas-microsoft-com:office:office"
 xmlns:x="urn:schemas-microsoft-com:office:excel"
 xmlns:ss="urn:schemas-microsoft-com:office:spreadsheet"
 xmlns:html="http://www.w3.org/TR/REC-html40">
 <DocumentProperties xmlns="urn:schemas-microsoft-com:office:office">
  <LastAuthor>et</LastAuthor>
  <Created>2004-08-01T10:27:52Z</Created>
  <Version>11.9999</Version>
 </DocumentProperties>
 <OfficeDocumentSettings xmlns="urn:schemas-microsoft-com:office:office">
  <DoNotRelyOnCSS/>
 </OfficeDocumentSettings>
 <ExcelWorkbook xmlns="urn:schemas-microsoft-com:office:excel">
  <WindowHeight>12270</WindowHeight>
  <WindowWidth>18240</WindowWidth>
  <WindowTopX>480</WindowTopX>
  <WindowTopY>75</WindowTopY>
  <ProtectStructure>False</ProtectStructure>
  <ProtectWindows>False</ProtectWindows>
 </ExcelWorkbook>
 <Styles>
  <Style ss:ID="Default" ss:Name="Normal">
   <Alignment ss:Vertical="Bottom"/>
   <Borders/>
   <Font/>
   <Interior/>
   <NumberFormat/>
   <Protection/>
  </Style>
  <Style ss:ID="s21">
   <Alignment ss:Vertical="Bottom"/>
   <Font/>
   <Protection ss:Protected="0"/>
  </Style>
  <Style ss:ID="s22">
   <Alignment ss:Horizontal="Left" ss:Vertical="Bottom"/>
   <Font/>
   <Protection ss:Protected="0"/>
  </Style>
 </Styles>
 <Worksheet ss:Name="SessionSys">
  <Table ss:ExpandedColumnCount="5" ss:ExpandedRowCount="120" x:FullColumns="1"
   x:FullRows="1" ss:DefaultColumnWidth="62.25" ss:DefaultRowHeight="13.3125">
   <Column ss:AutoFitWidth="0" ss:Width="312.75"/>
   <Column ss:AutoFitWidth="0" ss:Width="267"/>
   <Column ss:AutoFitWidth="0" ss:Width="312.75"/>
   <Column ss:AutoFitWidth="0" ss:Width="239.25"/>
   <Column ss:AutoFitWidth="0" ss:Width="268.5"/>
   <Row ss:AutoFitHeight="0">
    <Cell><Data ss:Type="String">[ENGLISH]</Data></Cell>
    <Cell><Data ss:Type="String">[FRENCH]</Data></Cell>
    <Cell><Data ss:Type="String">[GERMAN]</Data></Cell>
    <Cell ss:StyleID="s21"><Data ss:Type="String">[RUSSIAN]</Data></Cell>
    <Cell ss:StyleID="s22"><Data ss:Type="String">[POLISH]</Data></Cell>
   </Row>
   <Row ss:AutoFitHeight="0">
    <Cell><Data ss:Type="String">[COMMON]</Data></Cell>
    <Cell><Data ss:Type="String">[COMMON]</Data></Cell>
    <Cell><Data ss:Type="String">[COMMON]</Data></Cell>
    <Cell><Data ss:Type="String">[COMMON]</Data></Cell>
    <Cell><Data ss:Type="String">[COMMON]</Data></Cell>
   </Row>
   <Row ss:AutoFitHeight="0">
    <Cell><Data ss:Type="String">Shutdown Reflect</Data></Cell>
    <Cell><Data ss:Type="String">Arrêter Système</Data></Cell>
    <Cell><Data ss:Type="String">Shutdown Reflect</Data></Cell>
    <Cell><Data ss:Type="String">Shutdown Reflect</Data></Cell>
    <Cell><Data ss:Type="String">Shutdown Reflect</Data></Cell>
   </Row>
   <Row ss:AutoFitHeight="0">
    <Cell><Data ss:Type="String">Tick box to save the current session.</Data></Cell>
    <Cell><Data ss:Type="String">Sélectionner pour enregistrer la session</Data></Cell>
    <Cell><Data ss:Type="String">Tick box to save the current session.</Data></Cell>
    <Cell><Data ss:Type="String">Tick box to save the current session.</Data></Cell>
    <Cell><Data ss:Type="String">Tick box to save the current session.</Data></Cell>
   </Row>
   <Row ss:AutoFitHeight="0">
    <Cell><Data ss:Type="String">Save Current Session</Data></Cell>
    <Cell><Data ss:Type="String">Enregistrer la session</Data></Cell>
    <Cell><Data ss:Type="String">Save Current Session</Data></Cell>
    <Cell><Data ss:Type="String">Save Current Session</Data></Cell>
    <Cell><Data ss:Type="String">Save Current Session</Data></Cell>
   </Row>
   <Row ss:AutoFitHeight="0">
    <Cell><Data ss:Type="String">The session %s does not exist, do you want to create a new session ?</Data></Cell>
    <Cell><Data ss:Type="String">La session %s n'existe pas, veux-tu la créer ?</Data></Cell>
    <Cell><Data ss:Type="String">The session %s does not exist, do you want to create a new session ?</Data></Cell>
    <Cell><Data ss:Type="String">The session %s does not exist, do you want to create a new session ?</Data></Cell>
    <Cell><Data ss:Type="String">The session %s does not exist, do you want to create a new session ?</Data></Cell>
   </Row>
   <Row ss:AutoFitHeight="0">
    <Cell><Data ss:Type="String">Session not found</Data></Cell>
    <Cell><Data ss:Type="String">Session pas trouvée</Data></Cell>
    <Cell><Data ss:Type="String">Session not found</Data></Cell>
    <Cell><Data ss:Type="String">Session not found</Data></Cell>
    <Cell><Data ss:Type="String">Session not found</Data></Cell>
   </Row>
   <Row ss:AutoFitHeight="0">
    <Cell><Data ss:Type="String">Session error</Data></Cell>
    <Cell><Data ss:Type="String">Erreur</Data></Cell>
    <Cell><Data ss:Type="String">Session error</Data></Cell>
    <Cell><Data ss:Type="String">Session error</Data></Cell>
    <Cell><Data ss:Type="String">Session error</Data></Cell>
   </Row>
   <Row ss:AutoFitHeight="0">
    <Cell><Data ss:Type="String">You must give the name of a session to continue.</Data></Cell>
    <Cell><Data ss:Type="String">Il faut donner un de session pour continuer.</Data></Cell>
    <Cell><Data ss:Type="String">You must give the name of a session to continue.</Data></Cell>
    <Cell><Data ss:Type="String">You must give the name of a session to continue.</Data></Cell>
    <Cell><Data ss:Type="String">You must give the name of a session to continue.</Data></Cell>
   </Row>
   <Row ss:AutoFitHeight="0">
    <Cell><Data ss:Type="String">Start a session</Data></Cell>
    <Cell><Data ss:Type="String">Commencer une session</Data></Cell>
    <Cell><Data ss:Type="String">Start a session</Data></Cell>
    <Cell><Data ss:Type="String">Start a session</Data></Cell>
    <Cell><Data ss:Type="String">Start a session</Data></Cell>
   </Row>
   <Row ss:AutoFitHeight="0">
    <Cell><Data ss:Type="String">Session</Data></Cell>
    <Cell><Data ss:Type="String">Session</Data></Cell>
    <Cell><Data ss:Type="String">Session</Data></Cell>
    <Cell><Data ss:Type="String">Session</Data></Cell>
    <Cell><Data ss:Type="String">Session</Data></Cell>
   </Row>
   <Row ss:AutoFitHeight="0">
    <Cell><Data ss:Type="String">Open Session :</Data></Cell>
    <Cell><Data ss:Type="String">Ouvrir Session :</Data></Cell>
    <Cell><Data ss:Type="String">Open Session :</Data></Cell>
    <Cell><Data ss:Type="String">Open Session :</Data></Cell>
    <Cell><Data ss:Type="String">Open Session :</Data></Cell>
   </Row>
   <Row ss:AutoFitHeight="0">
    <Cell><Data ss:Type="String">Recent Sessions :</Data></Cell>
    <Cell><Data ss:Type="String">Sessions récentes :</Data></Cell>
    <Cell><Data ss:Type="String">Recent Sessions :</Data></Cell>
    <Cell><Data ss:Type="String">Recent Sessions :</Data></Cell>
    <Cell><Data ss:Type="String">Recent Sessions :</Data></Cell>
   </Row>
   <Row ss:AutoFitHeight="0">
    <Cell><Data ss:Type="String">Ok</Data></Cell>
    <Cell><Data ss:Type="String">Ok</Data></Cell>
    <Cell><Data ss:Type="String">Ok</Data></Cell>
    <Cell><Data ss:Type="String">Ok</Data></Cell>
    <Cell><Data ss:Type="String">Ok</Data></Cell>
   </Row>
   <Row ss:AutoFitHeight="0">
    <Cell><Data ss:Type="String">Shutdown</Data></Cell>
    <Cell><Data ss:Type="String">Arrêter</Data></Cell>
    <Cell><Data ss:Type="String">Shutdown</Data></Cell>
    <Cell><Data ss:Type="String">Shutdown</Data></Cell>
    <Cell><Data ss:Type="String">Shutdown</Data></Cell>
   </Row>
   <Row ss:AutoFitHeight="0">
    <Cell><Data ss:Type="String">[QUIT]</Data></Cell>
    <Cell><Data ss:Type="String">[QUIT]</Data></Cell>
    <Cell><Data ss:Type="String">[QUIT]</Data></Cell>
    <Cell><Data ss:Type="String">[QUIT]</Data></Cell>
    <Cell><Data ss:Type="String">[QUIT]</Data></Cell>
   </Row>
   <Row ss:AutoFitHeight="0">
    <Cell><Data ss:Type="String">Are you really, really sure you want to quit ?</Data></Cell>
    <Cell><Data ss:Type="String">Êtes-vous vraiment sûr(e) de vouloir quitter ?</Data></Cell>
    <Cell><Data ss:Type="String">Are you really, really sure you want to quit ?</Data></Cell>
    <Cell><Data ss:Type="String">Are you really, really sure you want to quit ?</Data></Cell>
    <Cell><Data ss:Type="String">Are you really, really sure you want to quit ?</Data></Cell>
   </Row>
   <Row ss:AutoFitHeight="0">
    <Cell><Data ss:Type="String">Accepting these conditions will remove all responsibities for sane functioning of your machine, continue?</Data></Cell>
    <Cell><Data ss:Type="String">Accepter ces conditions va mettre fin à toutes responsabilités concernant le bon fonctionnement de votre machine, continuer ?</Data></Cell>
    <Cell><Data ss:Type="String">Accepting these conditions will remove all responsibities for sane functioning of your machine, continue?</Data></Cell>
    <Cell><Data ss:Type="String">Accepting these conditions will remove all responsibities for sane functioning of your machine, continue?</Data></Cell>
    <Cell><Data ss:Type="String">Accepting these conditions will remove all responsibities for sane functioning of your machine, continue?</Data></Cell>
   </Row>
   <Row ss:AutoFitHeight="0">
    <Cell><Data ss:Type="String">Returning to host system, loss of sanity could ensure. risk it?</Data></Cell>
    <Cell><Data ss:Type="String">Retourner au système hôte peut provoquer des pertes de santé, s'y risquer?</Data></Cell>
    <Cell><Data ss:Type="String">Returning to host system, loss of sanity could ensure. risk it?</Data></Cell>
    <Cell><Data ss:Type="String">Returning to host system, loss of sanity could ensure. risk it?</Data></Cell>
    <Cell><Data ss:Type="String">Returning to host system, loss of sanity could ensure. risk it?</Data></Cell>
   </Row>
   <Row ss:AutoFitHeight="0">
    <Cell><Data ss:Type="String">Selecting yes in this dialog box could cause severe system disfontionment,however is included for future compatiblity, use it?</Data></Cell>
    <Cell><Data ss:Type="String">Sélectionner oui dans la boîte dialogue peut causer de sérieux disfonctionnements du système; cependant, ceci est proposé pour une compatibilité future, l'utiliser?</Data></Cell>
    <Cell><Data ss:Type="String">Selecting yes in this dialog box could cause severe system disfontionment,however is included for future compatiblity, use it?</Data></Cell>
    <Cell><Data ss:Type="String">Selecting yes in this dialog box could cause severe system disfontionment,however is included for future compatiblity, use it?</Data></Cell>
    <Cell><Data ss:Type="String">Selecting yes in this dialog box could cause severe system disfontionment,however is included for future compatiblity, use it?</Data></Cell>
   </Row>
   <Row ss:AutoFitHeight="0">
    <Cell><Data ss:Type="String">Any risk, threat of risk, risk of a threat of a risk, will, could and may be punished by loss of; data, time, sanity, and/or hair. accept these condtions?</Data></Cell>
    <Cell><Data ss:Type="String">Certains risques, menace de risque, risque de menace de risque, sont encourrus de perte de : données, temps, santé, et/ou cheveux. Accepter ces conditions?</Data></Cell>
    <Cell><Data ss:Type="String">Any risk, threat of risk, risk of a threat of a risk, will, could and may be punished by loss of; data, time, sanity, and/or hair. accept these condtions?</Data></Cell>
    <Cell><Data ss:Type="String">Any risk, threat of risk, risk of a threat of a risk, will, could and may be punished by loss of; data, time, sanity, and/or hair. accept these condtions?</Data></Cell>
    <Cell><Data ss:Type="String">Any risk, threat of risk, risk of a threat of a risk, will, could and may be punished by loss of; data, time, sanity, and/or hair. accept these condtions?</Data></Cell>
   </Row>
   <Row ss:AutoFitHeight="0">
    <Cell><Data ss:Type="String">[CHANGE]</Data></Cell>
    <Cell><Data ss:Type="String">[CHANGE]</Data></Cell>
    <Cell><Data ss:Type="String">[CHANGE]</Data></Cell>
    <Cell><Data ss:Type="String">[CHANGE]</Data></Cell>
    <Cell><Data ss:Type="String">[CHANGE]</Data></Cell>
   </Row>
   <Row ss:AutoFitHeight="0">
    <Cell><Data ss:Type="String">Change Session</Data></Cell>
    <Cell><Data ss:Type="String">Changer session</Data></Cell>
    <Cell><Data ss:Type="String">Change Session</Data></Cell>
    <Cell><Data ss:Type="String">Change Session</Data></Cell>
    <Cell><Data ss:Type="String">Change Session</Data></Cell>
   </Row>
   <Row ss:AutoFitHeight="0">
    <Cell><Data ss:Type="String">Existing Sessions</Data></Cell>
    <Cell><Data ss:Type="String">Sessions Existant</Data></Cell>
    <Cell><Data ss:Type="String">Existing Sessions</Data></Cell>
    <Cell><Data ss:Type="String">Existing Sessions</Data></Cell>
    <Cell><Data ss:Type="String">Existing Sessions</Data></Cell>
   </Row>
   <Row ss:AutoFitHeight="0">
    <Cell><Data ss:Type="String">Save Current Session</Data></Cell>
    <Cell><Data ss:Type="String">Enregistrer la session</Data></Cell>
    <Cell><Data ss:Type="String">Save Current Session</Data></Cell>
    <Cell><Data ss:Type="String">Save Current Session</Data></Cell>
    <Cell><Data ss:Type="String">Save Current Session</Data></Cell>
   </Row>
   <Row ss:AutoFitHeight="0">
    <Cell><Data ss:Type="String">Ok</Data></Cell>
    <Cell><Data ss:Type="String">Ok</Data></Cell>
    <Cell><Data ss:Type="String">Ok</Data></Cell>
    <Cell><Data ss:Type="String">Ok</Data></Cell>
    <Cell><Data ss:Type="String">Ok</Data></Cell>
   </Row>
   <Row ss:AutoFitHeight="0">
    <Cell><Data ss:Type="String">Cancel</Data></Cell>
    <Cell><Data ss:Type="String">Annuler</Data></Cell>
    <Cell><Data ss:Type="String">Cancel</Data></Cell>
    <Cell><Data ss:Type="String">Cancel</Data></Cell>
    <Cell><Data ss:Type="String">Cancel</Data></Cell>
   </Row>
   <Row ss:AutoFitHeight="0">
    <Cell><Data ss:Type="String">New Session</Data></Cell>
    <Cell><Data ss:Type="String">Nouvelle Session</Data></Cell>
    <Cell><Data ss:Type="String">New Session</Data></Cell>
    <Cell><Data ss:Type="String">New Session</Data></Cell>
    <Cell><Data ss:Type="String">New Session</Data></Cell>
   </Row>
   <Row ss:AutoFitHeight="0">
    <Cell><Data ss:Type="String">Current Session</Data></Cell>
    <Cell><Data ss:Type="String">Session en cours</Data></Cell>
    <Cell><Data ss:Type="String">Current Session</Data></Cell>
    <Cell><Data ss:Type="String">Current Session</Data></Cell>
    <Cell><Data ss:Type="String">Current Session</Data></Cell>
   </Row>
   <Row ss:AutoFitHeight="0">
    <Cell><Data ss:Type="String">[NEW]</Data></Cell>
    <Cell><Data ss:Type="String">[NEW]</Data></Cell>
    <Cell><Data ss:Type="String">[NEW]</Data></Cell>
    <Cell><Data ss:Type="String">[NEW]</Data></Cell>
    <Cell><Data ss:Type="String">[NEW]</Data></Cell>
   </Row>
   <Row ss:AutoFitHeight="0">
    <Cell><Data ss:Type="String">Password failure</Data></Cell>
    <Cell><Data ss:Type="String">Erreur mot de passe</Data></Cell>
    <Cell><Data ss:Type="String">Password failure</Data></Cell>
    <Cell><Data ss:Type="String">Password failure</Data></Cell>
    <Cell><Data ss:Type="String">Password failure</Data></Cell>
   </Row>
   <Row ss:AutoFitHeight="0">
    <Cell><Data ss:Type="String">The confirmation of the password is incorrect, please try again.</Data></Cell>
    <Cell><Data ss:Type="String">Le mot de passe n'est pas validé, essayez à nouveau.</Data></Cell>
    <Cell><Data ss:Type="String">The confirmation of the password is incorrect, please try again.</Data></Cell>
    <Cell><Data ss:Type="String">The confirmation of the password is incorrect, please try again.</Data></Cell>
    <Cell><Data ss:Type="String">The confirmation of the password is incorrect, please try again.</Data></Cell>
   </Row>
   <Row ss:AutoFitHeight="0">
    <Cell><Data ss:Type="String">Session</Data></Cell>
    <Cell><Data ss:Type="String">Session</Data></Cell>
    <Cell><Data ss:Type="String">Session</Data></Cell>
    <Cell><Data ss:Type="String">Session</Data></Cell>
    <Cell><Data ss:Type="String">Session</Data></Cell>
   </Row>
   <Row ss:AutoFitHeight="0">
    <Cell><Data ss:Type="String">This session already exists, open it now?</Data></Cell>
    <Cell><Data ss:Type="String">Cette session existe déjà, l'ouvrir maintenant?</Data></Cell>
    <Cell><Data ss:Type="String">This session already exists, open it now?</Data></Cell>
    <Cell><Data ss:Type="String">This session already exists, open it now?</Data></Cell>
    <Cell><Data ss:Type="String">This session already exists, open it now?</Data></Cell>
   </Row>
   <Row ss:AutoFitHeight="0">
    <Cell><Data ss:Type="String">New Session</Data></Cell>
    <Cell><Data ss:Type="String">Nouvelle Session</Data></Cell>
    <Cell><Data ss:Type="String">New Session</Data></Cell>
    <Cell><Data ss:Type="String">New Session</Data></Cell>
    <Cell><Data ss:Type="String">New Session</Data></Cell>
   </Row>
   <Row ss:AutoFitHeight="0">
    <Cell><Data ss:Type="String">Ok</Data></Cell>
    <Cell><Data ss:Type="String">Ok</Data></Cell>
    <Cell><Data ss:Type="String">Ok</Data></Cell>
    <Cell><Data ss:Type="String">Ok</Data></Cell>
    <Cell><Data ss:Type="String">Ok</Data></Cell>
   </Row>
   <Row ss:AutoFitHeight="0">
    <Cell><Data ss:Type="String">Cancel</Data></Cell>
    <Cell><Data ss:Type="String">Annuler</Data></Cell>
    <Cell><Data ss:Type="String">Cancel</Data></Cell>
    <Cell><Data ss:Type="String">Cancel</Data></Cell>
    <Cell><Data ss:Type="String">Cancel</Data></Cell>
   </Row>
   <Row ss:AutoFitHeight="0">
    <Cell><Data ss:Type="String">New name</Data></Cell>
    <Cell><Data ss:Type="String">Nouveau nom</Data></Cell>
    <Cell><Data ss:Type="String">New name</Data></Cell>
    <Cell><Data ss:Type="String">New name</Data></Cell>
    <Cell><Data ss:Type="String">New name</Data></Cell>
   </Row>
   <Row ss:AutoFitHeight="0">
    <Cell><Data ss:Type="String">Password</Data></Cell>
    <Cell><Data ss:Type="String">Mot de passe</Data></Cell>
    <Cell><Data ss:Type="String">Password</Data></Cell>
    <Cell><Data ss:Type="String">Password</Data></Cell>
    <Cell><Data ss:Type="String">Password</Data></Cell>
   </Row>
   <Row ss:AutoFitHeight="0">
    <Cell><Data ss:Type="String">Enter password here</Data></Cell>
    <Cell><Data ss:Type="String">Entre mot de passe ici</Data></Cell>
    <Cell><Data ss:Type="String">Enter password here</Data></Cell>
    <Cell><Data ss:Type="String">Enter password here</Data></Cell>
    <Cell><Data ss:Type="String">Enter password here</Data></Cell>
   </Row>
   <Row ss:AutoFitHeight="0">
    <Cell><Data ss:Type="String">Confirm</Data></Cell>
    <Cell><Data ss:Type="String">Entre mot de passe ici</Data></Cell>
    <Cell><Data ss:Type="String">Confirm</Data></Cell>
    <Cell><Data ss:Type="String">Confirm</Data></Cell>
    <Cell><Data ss:Type="String">Confirm</Data></Cell>
   </Row>
   <Row ss:AutoFitHeight="0">
    <Cell><Data ss:Type="String">Confirm the password here</Data></Cell>
    <Cell><Data ss:Type="String">Valide le mot de passe ici</Data></Cell>
    <Cell><Data ss:Type="String">Confirm the password here</Data></Cell>
    <Cell><Data ss:Type="String">Confirm the password here</Data></Cell>
    <Cell><Data ss:Type="String">Confirm the password here</Data></Cell>
   </Row>
   <Row ss:AutoFitHeight="0">
    <Cell><Data ss:Type="String">Session Applications</Data></Cell>
    <Cell><Data ss:Type="String">Applications pour la session</Data></Cell>
    <Cell><Data ss:Type="String">Session Applications</Data></Cell>
    <Cell><Data ss:Type="String">Session Applications</Data></Cell>
    <Cell><Data ss:Type="String">Session Applications</Data></Cell>
   </Row>
   <Row ss:AutoFitHeight="0">
    <Cell><Data ss:Type="String">Save Current Session</Data></Cell>
    <Cell><Data ss:Type="String">Enregistrer la session</Data></Cell>
    <Cell><Data ss:Type="String">Save Current Session</Data></Cell>
    <Cell><Data ss:Type="String">Save Current Session</Data></Cell>
    <Cell><Data ss:Type="String">Save Current Session</Data></Cell>
   </Row>
   <Row ss:AutoFitHeight="0">
    <Cell><Data ss:Type="String">[PASSWORD]</Data></Cell>
    <Cell><Data ss:Type="String">[PASSWORD]</Data></Cell>
    <Cell><Data ss:Type="String">[PASSWORD]</Data></Cell>
    <Cell><Data ss:Type="String">[PASSWORD]</Data></Cell>
    <Cell><Data ss:Type="String">[PASSWORD]</Data></Cell>
   </Row>
   <Row ss:AutoFitHeight="0">
    <Cell><Data ss:Type="String">Password</Data></Cell>
    <Cell><Data ss:Type="String">Mot de passe</Data></Cell>
    <Cell><Data ss:Type="String">Password</Data></Cell>
    <Cell><Data ss:Type="String">Password</Data></Cell>
    <Cell><Data ss:Type="String">Password</Data></Cell>
   </Row>
   <Row ss:AutoFitHeight="0">
    <Cell><Data ss:Type="String">The password is incorrect, please try again.,</Data></Cell>
    <Cell><Data ss:Type="String">Le Mot de passe est incorrect,essayer a nouveau.</Data></Cell>
    <Cell><Data ss:Type="String">The password is incorrect, please try again.,</Data></Cell>
    <Cell><Data ss:Type="String">The password is incorrect, please try again.,</Data></Cell>
    <Cell><Data ss:Type="String">The password is incorrect, please try again.,</Data></Cell>
   </Row>
   <Row ss:AutoFitHeight="0">
    <Cell><Data ss:Type="String">Password confirmation for session</Data></Cell>
    <Cell><Data ss:Type="String">Confirmation de mot de passe pour la session</Data></Cell>
    <Cell><Data ss:Type="String">Password confirmation for session</Data></Cell>
    <Cell><Data ss:Type="String">Password confirmation for session</Data></Cell>
    <Cell><Data ss:Type="String">Password confirmation for session</Data></Cell>
   </Row>
   <Row ss:AutoFitHeight="0">
    <Cell><Data ss:Type="String">Enter password</Data></Cell>
    <Cell><Data ss:Type="String">Entrez le mot de passe</Data></Cell>
    <Cell><Data ss:Type="String">Enter password</Data></Cell>
    <Cell><Data ss:Type="String">Enter password</Data></Cell>
    <Cell><Data ss:Type="String">Enter password</Data></Cell>
   </Row>
   <Row ss:AutoFitHeight="0">
    <Cell><Data ss:Type="String">Check this to hide text</Data></Cell>
    <Cell><Data ss:Type="String">Sélectionner pour cacher le texte</Data></Cell>
    <Cell><Data ss:Type="String">Check this to hide text</Data></Cell>
    <Cell><Data ss:Type="String">Check this to hide text</Data></Cell>
    <Cell><Data ss:Type="String">Check this to hide text</Data></Cell>
   </Row>
   <Row ss:AutoFitHeight="0">
    <Cell><Data ss:Type="String">Hide typing</Data></Cell>
    <Cell><Data ss:Type="String">Cacher le texte</Data></Cell>
    <Cell><Data ss:Type="String">Hide typing</Data></Cell>
    <Cell><Data ss:Type="String">Hide typing</Data></Cell>
    <Cell><Data ss:Type="String">Hide typing</Data></Cell>
   </Row>
   <Row ss:AutoFitHeight="0">
    <Cell><Data ss:Type="String">Ok</Data></Cell>
    <Cell><Data ss:Type="String">Ok</Data></Cell>
    <Cell><Data ss:Type="String">Ok</Data></Cell>
    <Cell><Data ss:Type="String">Ok</Data></Cell>
    <Cell><Data ss:Type="String">Ok</Data></Cell>
   </Row>
   <Row ss:AutoFitHeight="0">
    <Cell><Data ss:Type="String">Cancel</Data></Cell>
    <Cell><Data ss:Type="String">Annuler</Data></Cell>
    <Cell><Data ss:Type="String">Cancel</Data></Cell>
    <Cell><Data ss:Type="String">Cancel</Data></Cell>
    <Cell><Data ss:Type="String">Cancel</Data></Cell>
   </Row>
   <Row ss:AutoFitHeight="0">
    <Cell><Data ss:Type="String">[VIEWS]</Data></Cell>
    <Cell><Data ss:Type="String">[VIEWS]</Data></Cell>
    <Cell><Data ss:Type="String">[VIEWS]</Data></Cell>
    <Cell><Data ss:Type="String">[VIEWS]</Data></Cell>
    <Cell><Data ss:Type="String">[VIEWS]</Data></Cell>
   </Row>
   <Row ss:AutoFitHeight="0">
    <Cell><Data ss:Type="String">%d No active window</Data></Cell>
    <Cell><Data ss:Type="String">%d Pas de fenêtre active</Data></Cell>
    <Cell><Data ss:Type="String">%d No active window</Data></Cell>
    <Cell><Data ss:Type="String">%d No active window</Data></Cell>
    <Cell><Data ss:Type="String">%d No active window</Data></Cell>
   </Row>
   <Row ss:AutoFitHeight="0">
    <Cell><Data ss:Type="String">%3.1f fps</Data></Cell>
    <Cell><Data ss:Type="String">%3.1f tps</Data></Cell>
    <Cell><Data ss:Type="String">%3.1f fps</Data></Cell>
    <Cell><Data ss:Type="String">%3.1f fps</Data></Cell>
    <Cell><Data ss:Type="String">%3.1f fps</Data></Cell>
   </Row>
   <Row ss:AutoFitHeight="0">
    <Cell><Data ss:Type="String">time</Data></Cell>
    <Cell><Data ss:Type="String">heure</Data></Cell>
    <Cell><Data ss:Type="String">time</Data></Cell>
    <Cell><Data ss:Type="String">time</Data></Cell>
    <Cell><Data ss:Type="String">time</Data></Cell>
   </Row>
   <Row ss:AutoFitHeight="0">
    <Cell><Data ss:Type="String">free memory</Data></Cell>
    <Cell><Data ss:Type="String">mémoire libre</Data></Cell>
    <Cell><Data ss:Type="String">free memory</Data></Cell>
    <Cell><Data ss:Type="String">free memory</Data></Cell>
    <Cell><Data ss:Type="String">free memory</Data></Cell>
   </Row>
   <Row ss:AutoFitHeight="0">
    <Cell><Data ss:Type="String">exact free memory</Data></Cell>
    <Cell><Data ss:Type="String">mémoire libre exact</Data></Cell>
    <Cell><Data ss:Type="String">exact free memory</Data></Cell>
    <Cell><Data ss:Type="String">exact free memory</Data></Cell>
    <Cell><Data ss:Type="String">exact free memory</Data></Cell>
   </Row>
   <Row ss:AutoFitHeight="0">
    <Cell><Data ss:Type="String">total memory allocations</Data></Cell>
    <Cell><Data ss:Type="String">nombre d'allocations</Data></Cell>
    <Cell><Data ss:Type="String">total memory allocations</Data></Cell>
    <Cell><Data ss:Type="String">total memory allocations</Data></Cell>
    <Cell><Data ss:Type="String">total memory allocations</Data></Cell>
   </Row>
   <Row ss:AutoFitHeight="0">
    <Cell><Data ss:Type="String">frame rate</Data></Cell>
    <Cell><Data ss:Type="String">taux de trame</Data></Cell>
    <Cell><Data ss:Type="String">frame rate</Data></Cell>
    <Cell><Data ss:Type="String">frame rate</Data></Cell>
    <Cell><Data ss:Type="String">frame rate</Data></Cell>
   </Row>
   <Row ss:AutoFitHeight="0">
    <Cell><Data ss:Type="String">primary task period</Data></Cell>
    <Cell><Data ss:Type="String">periode de la tâche principal</Data></Cell>
    <Cell><Data ss:Type="String">primary task period</Data></Cell>
    <Cell><Data ss:Type="String">primary task period</Data></Cell>
    <Cell><Data ss:Type="String">primary task period</Data></Cell>
   </Row>
   <Row ss:AutoFitHeight="0">
    <Cell><Data ss:Type="String">absolute cursor pos</Data></Cell>
    <Cell><Data ss:Type="String">position absolue du curseur</Data></Cell>
    <Cell><Data ss:Type="String">absolute cursor pos</Data></Cell>
    <Cell><Data ss:Type="String">absolute cursor pos</Data></Cell>
    <Cell><Data ss:Type="String">absolute cursor pos</Data></Cell>
   </Row>
   <Row ss:AutoFitHeight="0">
    <Cell><Data ss:Type="String">relative cursor pos</Data></Cell>
    <Cell><Data ss:Type="String">position relative du curseur</Data></Cell>
    <Cell><Data ss:Type="String">relative cursor pos</Data></Cell>
    <Cell><Data ss:Type="String">relative cursor pos</Data></Cell>
    <Cell><Data ss:Type="String">relative cursor pos</Data></Cell>
   </Row>
   <Row ss:AutoFitHeight="0">
    <Cell><Data ss:Type="String">data read</Data></Cell>
    <Cell><Data ss:Type="String">données lues</Data></Cell>
    <Cell><Data ss:Type="String">data read</Data></Cell>
    <Cell><Data ss:Type="String">data read</Data></Cell>
    <Cell><Data ss:Type="String">data read</Data></Cell>
   </Row>
   <Row ss:AutoFitHeight="0">
    <Cell><Data ss:Type="String">data written</Data></Cell>
    <Cell><Data ss:Type="String">données écrites</Data></Cell>
    <Cell><Data ss:Type="String">data written</Data></Cell>
    <Cell><Data ss:Type="String">data written</Data></Cell>
    <Cell><Data ss:Type="String">data written</Data></Cell>
   </Row>
   <Row ss:AutoFitHeight="0">
    <Cell><Data ss:Type="String">Relaunch count</Data></Cell>
    <Cell><Data ss:Type="String">Nombre de lancements</Data></Cell>
    <Cell><Data ss:Type="String">Relaunch count</Data></Cell>
    <Cell><Data ss:Type="String">Relaunch count</Data></Cell>
    <Cell><Data ss:Type="String">Relaunch count</Data></Cell>
   </Row>
   <Row ss:AutoFitHeight="0">
    <Cell><Data ss:Type="String">Memory leak</Data></Cell>
    <Cell><Data ss:Type="String">Abus du memoire</Data></Cell>
    <Cell><Data ss:Type="String">Memory leak</Data></Cell>
    <Cell><Data ss:Type="String">Memory leak</Data></Cell>
    <Cell><Data ss:Type="String">Memory leak</Data></Cell>
   </Row>
   <Row ss:AutoFitHeight="0">
    <Cell><Data ss:Type="String">%d ms</Data></Cell>
    <Cell><Data ss:Type="String">%d ms</Data></Cell>
    <Cell><Data ss:Type="String">%d ms</Data></Cell>
    <Cell><Data ss:Type="String">%d ms</Data></Cell>
    <Cell><Data ss:Type="String">%d ms</Data></Cell>
   </Row>
   <Row ss:AutoFitHeight="0">
    <Cell><Data ss:Type="String">free video memory</Data></Cell>
    <Cell><Data ss:Type="String">mémoire vidéo libre</Data></Cell>
    <Cell><Data ss:Type="String">free video memory</Data></Cell>
    <Cell><Data ss:Type="String">free video memory</Data></Cell>
    <Cell><Data ss:Type="String">free video memory</Data></Cell>
   </Row>
   <Row ss:AutoFitHeight="0">
    <Cell><Data ss:Type="String">free sound memory</Data></Cell>
    <Cell><Data ss:Type="String">mémoire son libre</Data></Cell>
    <Cell><Data ss:Type="String">free sound memory</Data></Cell>
    <Cell><Data ss:Type="String">free sound memory</Data></Cell>
    <Cell><Data ss:Type="String">free sound memory</Data></Cell>
   </Row>
   <Row ss:AutoFitHeight="0">
    <Cell><Data ss:Type="String">slow task</Data></Cell>
    <Cell><Data ss:Type="String">tache de fond</Data></Cell>
    <Cell><Data ss:Type="String">slow task</Data></Cell>
    <Cell><Data ss:Type="String">slow task</Data></Cell>
    <Cell><Data ss:Type="String">slow task</Data></Cell>
   </Row>
   <Row ss:AutoFitHeight="0">
    <Cell><Data ss:Type="String">battery</Data></Cell>
    <Cell><Data ss:Type="String">batterie</Data></Cell>
    <Cell><Data ss:Type="String">battery</Data></Cell>
    <Cell><Data ss:Type="String">battery</Data></Cell>
    <Cell><Data ss:Type="String">battery</Data></Cell>
   </Row>
   <Row ss:AutoFitHeight="0">
    <Cell><Data ss:Type="String">network</Data></Cell>
    <Cell><Data ss:Type="String">réseau</Data></Cell>
    <Cell><Data ss:Type="String">network</Data></Cell>
    <Cell><Data ss:Type="String">network</Data></Cell>
    <Cell><Data ss:Type="String">network</Data></Cell>
   </Row>
   <Row ss:AutoFitHeight="0">
    <Cell><Data ss:Type="String">frame counter</Data></Cell>
    <Cell><Data ss:Type="String">compteur trame</Data></Cell>
    <Cell><Data ss:Type="String">frame counter</Data></Cell>
    <Cell><Data ss:Type="String">frame counter</Data></Cell>
    <Cell><Data ss:Type="String">frame counter</Data></Cell>
   </Row>
   <Row ss:AutoFitHeight="0">
    <Cell><Data ss:Type="String">[DEBUG]</Data></Cell>
    <Cell><Data ss:Type="String">[DEBUG]</Data></Cell>
    <Cell><Data ss:Type="String">[DEBUG]</Data></Cell>
    <Cell><Data ss:Type="String">[DEBUG]</Data></Cell>
    <Cell><Data ss:Type="String">[DEBUG]</Data></Cell>
   </Row>
   <Row ss:AutoFitHeight="0">
    <Cell><Data ss:Type="String">%s times</Data></Cell>
    <Cell><Data ss:Type="String">%s fois</Data></Cell>
    <Cell><Data ss:Type="String">%s times</Data></Cell>
    <Cell><Data ss:Type="String">%s times</Data></Cell>
    <Cell><Data ss:Type="String">%s times</Data></Cell>
   </Row>
   <Row ss:AutoFitHeight="0">
    <Cell><Data ss:Type="String">Session Integrity Testing</Data></Cell>
    <Cell><Data ss:Type="String">Session Debug</Data></Cell>
    <Cell><Data ss:Type="String">Session Integrity Testing</Data></Cell>
    <Cell><Data ss:Type="String">Session Integrity Testing</Data></Cell>
    <Cell><Data ss:Type="String">Session Integrity Testing</Data></Cell>
   </Row>
   <Row ss:AutoFitHeight="0">
    <Cell><Data ss:Type="String">A list of all existing sessions</Data></Cell>
    <Cell><Data ss:Type="String">Use liste de toutes les sessions existantes</Data></Cell>
    <Cell><Data ss:Type="String">A list of all existing sessions</Data></Cell>
    <Cell><Data ss:Type="String">A list of all existing sessions</Data></Cell>
    <Cell><Data ss:Type="String">A list of all existing sessions</Data></Cell>
   </Row>
   <Row ss:AutoFitHeight="0">
    <Cell><Data ss:Type="String">Check to automatically use all the sessions for testing</Data></Cell>
    <Cell><Data ss:Type="String">Active pour utiliser toutes les sessions pours les test</Data></Cell>
    <Cell><Data ss:Type="String">Check to automatically use all the sessions for testing</Data></Cell>
    <Cell><Data ss:Type="String">Check to automatically use all the sessions for testing</Data></Cell>
    <Cell><Data ss:Type="String">Check to automatically use all the sessions for testing</Data></Cell>
   </Row>
   <Row ss:AutoFitHeight="0">
    <Cell><Data ss:Type="String">Use all the sessions</Data></Cell>
    <Cell><Data ss:Type="String">Utilise toutes les sessions</Data></Cell>
    <Cell><Data ss:Type="String">Use all the sessions</Data></Cell>
    <Cell><Data ss:Type="String">Use all the sessions</Data></Cell>
    <Cell><Data ss:Type="String">Use all the sessions</Data></Cell>
   </Row>
   <Row ss:AutoFitHeight="0">
    <Cell><Data ss:Type="String">Repetitive testing value</Data></Cell>
    <Cell><Data ss:Type="String">Valuer de teste repetitive</Data></Cell>
    <Cell><Data ss:Type="String">Repetitive testing value</Data></Cell>
    <Cell><Data ss:Type="String">Repetitive testing value</Data></Cell>
    <Cell><Data ss:Type="String">Repetitive testing value</Data></Cell>
   </Row>
   <Row ss:AutoFitHeight="0">
    <Cell><Data ss:Type="String">Number of times to rerun</Data></Cell>
    <Cell><Data ss:Type="String">Nombre des fois de relacement</Data></Cell>
    <Cell><Data ss:Type="String">Number of times to rerun</Data></Cell>
    <Cell><Data ss:Type="String">Number of times to rerun</Data></Cell>
    <Cell><Data ss:Type="String">Number of times to rerun</Data></Cell>
   </Row>
   <Row ss:AutoFitHeight="0">
    <Cell><Data ss:Type="String">Duration testing value</Data></Cell>
    <Cell><Data ss:Type="String">Valuer de teste duration</Data></Cell>
    <Cell><Data ss:Type="String">Duration testing value</Data></Cell>
    <Cell><Data ss:Type="String">Duration testing value</Data></Cell>
    <Cell><Data ss:Type="String">Duration testing value</Data></Cell>
   </Row>
   <Row ss:AutoFitHeight="0">
    <Cell><Data ss:Type="String">Delay between sesions</Data></Cell>
    <Cell><Data ss:Type="String">Delay entre les sessions</Data></Cell>
    <Cell><Data ss:Type="String">Delay between sesions</Data></Cell>
    <Cell><Data ss:Type="String">Delay between sesions</Data></Cell>
    <Cell><Data ss:Type="String">Delay between sesions</Data></Cell>
   </Row>
   <Row ss:AutoFitHeight="0">
    <Cell><Data ss:Type="String">Accept these settings and start testing</Data></Cell>
    <Cell><Data ss:Type="String">Accept ces reglages et commence les tests</Data></Cell>
    <Cell><Data ss:Type="String">Accept these settings and start testing</Data></Cell>
    <Cell><Data ss:Type="String">Accept these settings and start testing</Data></Cell>
    <Cell><Data ss:Type="String">Accept these settings and start testing</Data></Cell>
   </Row>
   <Row ss:AutoFitHeight="0">
    <Cell><Data ss:Type="String">OK</Data></Cell>
    <Cell><Data ss:Type="String">Ok</Data></Cell>
    <Cell><Data ss:Type="String">OK</Data></Cell>
    <Cell><Data ss:Type="String">OK</Data></Cell>
    <Cell><Data ss:Type="String">OK</Data></Cell>
   </Row>
   <Row ss:AutoFitHeight="0">
    <Cell><Data ss:Type="String">Cancel testing</Data></Cell>
    <Cell><Data ss:Type="String">Annule les test</Data></Cell>
    <Cell><Data ss:Type="String">Cancel testing</Data></Cell>
    <Cell><Data ss:Type="String">Cancel testing</Data></Cell>
    <Cell><Data ss:Type="String">Cancel testing</Data></Cell>
   </Row>
   <Row ss:AutoFitHeight="0">
    <Cell><Data ss:Type="String">Cancel</Data></Cell>
    <Cell><Data ss:Type="String">Annuler</Data></Cell>
    <Cell><Data ss:Type="String">Cancel</Data></Cell>
    <Cell><Data ss:Type="String">Cancel</Data></Cell>
    <Cell><Data ss:Type="String">Cancel</Data></Cell>
   </Row>
   <Row ss:AutoFitHeight="0">
    <Cell><Data ss:Type="String">Randomly choose a session from selection (Order Random test)</Data></Cell>
    <Cell><Data ss:Type="String">Choisir aleatoirement une session a partie des selection (Test l'ordre aleatoire)</Data></Cell>
    <Cell><Data ss:Type="String">Randomly choose a session from selection (Order Random test)</Data></Cell>
    <Cell><Data ss:Type="String">Randomly choose a session from selection (Order Random test)</Data></Cell>
    <Cell><Data ss:Type="String">Randomly choose a session from selection (Order Random test)</Data></Cell>
   </Row>
   <Row ss:AutoFitHeight="0">
    <Cell><Data ss:Type="String">Launch sessions randomly</Data></Cell>
    <Cell><Data ss:Type="String">Lancer session aleatoirement</Data></Cell>
    <Cell><Data ss:Type="String">Launch sessions randomly</Data></Cell>
    <Cell><Data ss:Type="String">Launch sessions randomly</Data></Cell>
    <Cell><Data ss:Type="String">Launch sessions randomly</Data></Cell>
   </Row>
   <Row ss:AutoFitHeight="0">
    <Cell><Data ss:Type="String">Initial random variable for each session (Behaviour Random test)</Data></Cell>
    <Cell><Data ss:Type="String">Variable aleatoire pour chaque lancement d'une session (Test comportement aleatoire)</Data></Cell>
    <Cell><Data ss:Type="String">Initial random variable for each session (Behaviour Random test)</Data></Cell>
    <Cell><Data ss:Type="String">Initial random variable for each session (Behaviour Random test)</Data></Cell>
    <Cell><Data ss:Type="String">Initial random variable for each session (Behaviour Random test)</Data></Cell>
   </Row>
   <Row ss:AutoFitHeight="0">
    <Cell><Data ss:Type="String">Set Session Random Test feature</Data></Cell>
    <Cell><Data ss:Type="String">Session test mode aleatoire</Data></Cell>
    <Cell><Data ss:Type="String">Set Session Random Test feature</Data></Cell>
    <Cell><Data ss:Type="String">Set Session Random Test feature</Data></Cell>
    <Cell><Data ss:Type="String">Set Session Random Test feature</Data></Cell>
   </Row>
   <Row ss:AutoFitHeight="0">
    <Cell><Data ss:Type="String">[ERROR]</Data></Cell>
    <Cell><Data ss:Type="String">[ERROR]</Data></Cell>
    <Cell><Data ss:Type="String">[ERROR]</Data></Cell>
    <Cell><Data ss:Type="String">[ERROR]</Data></Cell>
    <Cell><Data ss:Type="String">[ERROR]</Data></Cell>
   </Row>
   <Row ss:AutoFitHeight="0">
    <Cell><Data ss:Type="String">Node Integrity failed in list %s at node %X (Index %d).</Data></Cell>
    <Cell><Data ss:Type="String">Integrity Noeud echoue dans la liste %s au noeud %X (Indice %d).</Data></Cell>
    <Cell><Data ss:Type="String">Node Integrity failed in list %s at node %X (Index %d).</Data></Cell>
    <Cell><Data ss:Type="String">Node Integrity failed in list %s at node %X (Index %d).</Data></Cell>
    <Cell><Data ss:Type="String">Node Integrity failed in list %s at node %X (Index %d).</Data></Cell>
   </Row>
   <Row ss:AutoFitHeight="0">
    <Cell><Data ss:Type="String">block at %x start header is corrupt</Data></Cell>
    <Cell><Data ss:Type="String">bloc a %x en-tete est corrumpu</Data></Cell>
    <Cell><Data ss:Type="String">block at %x start header is corrupt</Data></Cell>
    <Cell><Data ss:Type="String">block at %x start header is corrupt</Data></Cell>
    <Cell><Data ss:Type="String">block at %x start header is corrupt</Data></Cell>
   </Row>
   <Row ss:AutoFitHeight="0">
    <Cell><Data ss:Type="String">block at %x end header is corrupt</Data></Cell>
    <Cell><Data ss:Type="String">bloc a %x en-oppose-de-tete est corrumpu</Data></Cell>
    <Cell><Data ss:Type="String">block at %x end header is corrupt</Data></Cell>
    <Cell><Data ss:Type="String">block at %x end header is corrupt</Data></Cell>
    <Cell><Data ss:Type="String">block at %x end header is corrupt</Data></Cell>
   </Row>
   <Row ss:AutoFitHeight="0">
    <Cell><Data ss:Type="String">free address %x not valid</Data></Cell>
    <Cell><Data ss:Type="String">l'addresse du Free %x n'est pas valide</Data></Cell>
    <Cell><Data ss:Type="String">free address %x not valid</Data></Cell>
    <Cell><Data ss:Type="String">free address %x not valid</Data></Cell>
    <Cell><Data ss:Type="String">free address %x not valid</Data></Cell>
   </Row>
   <Row ss:AutoFitHeight="0">
    <Cell><Data ss:Type="String">block at address %x is corrupt</Data></Cell>
    <Cell><Data ss:Type="String">bloc a address %x est corrumpu</Data></Cell>
    <Cell><Data ss:Type="String">block at address %x is corrupt</Data></Cell>
    <Cell><Data ss:Type="String">block at address %x is corrupt</Data></Cell>
    <Cell><Data ss:Type="String">block at address %x is corrupt</Data></Cell>
   </Row>
   <Row ss:AutoFitHeight="0">
    <Cell><Data ss:Type="String">block at address %x already allocated</Data></Cell>
    <Cell><Data ss:Type="String">bloc a address %x est deja alloue</Data></Cell>
    <Cell><Data ss:Type="String">block at address %x already allocated</Data></Cell>
    <Cell><Data ss:Type="String">block at address %x already allocated</Data></Cell>
    <Cell><Data ss:Type="String">block at address %x already allocated</Data></Cell>
   </Row>
   <Row ss:AutoFitHeight="0">
    <Cell><Data ss:Type="String">bad free size for address %x was %s now %s</Data></Cell>
    <Cell><Data ss:Type="String">Mauvaise taille de liberation de la address %x c'etait %s est mainenemt est %s</Data></Cell>
    <Cell><Data ss:Type="String">bad free size for address %x was %s now %s</Data></Cell>
    <Cell><Data ss:Type="String">bad free size for address %x was %s now %s</Data></Cell>
    <Cell><Data ss:Type="String">bad free size for address %x was %s now %s</Data></Cell>
   </Row>
   <Row ss:AutoFitHeight="0">
    <Cell><Data ss:Type="String">Original size of %s will be used.</Data></Cell>
    <Cell><Data ss:Type="String">Taille d'origine de %s va etre utiliser.</Data></Cell>
    <Cell><Data ss:Type="String">Original size of %s will be used.</Data></Cell>
    <Cell><Data ss:Type="String">Original size of %s will be used.</Data></Cell>
    <Cell><Data ss:Type="String">Original size of %s will be used.</Data></Cell>
   </Row>
   <Row ss:AutoFitHeight="0">
    <Cell><Data ss:Type="String">Origin of the error : %s</Data></Cell>
    <Cell><Data ss:Type="String">Origine de la erreur : %s</Data></Cell>
    <Cell><Data ss:Type="String">Origin of the error : %s</Data></Cell>
    <Cell><Data ss:Type="String">Origin of the error : %s</Data></Cell>
    <Cell><Data ss:Type="String">Origin of the error : %s</Data></Cell>
   </Row>
   <Row ss:AutoFitHeight="0">
    <Cell><Data ss:Type="String">Allocated names :</Data></Cell>
    <Cell><Data ss:Type="String">Noms alloue :</Data></Cell>
    <Cell><Data ss:Type="String">Allocated names :</Data></Cell>
    <Cell><Data ss:Type="String">Allocated names :</Data></Cell>
    <Cell><Data ss:Type="String">Allocated names :</Data></Cell>
   </Row>
   <Row ss:AutoFitHeight="0">
    <Cell><Data ss:Type="String">safe alloc fail:</Data></Cell>
    <Cell><Data ss:Type="String">Allocation de securite echoue:</Data></Cell>
    <Cell><Data ss:Type="String">safe alloc fail:</Data></Cell>
    <Cell><Data ss:Type="String">safe alloc fail:</Data></Cell>
    <Cell><Data ss:Type="String">safe alloc fail:</Data></Cell>
   </Row>
   <Row ss:AutoFitHeight="0">
    <Cell><Data ss:Type="String">free safe memory %d</Data></Cell>
    <Cell><Data ss:Type="String">Memoire de securite libre %d</Data></Cell>
    <Cell><Data ss:Type="String">free safe memory %d</Data></Cell>
    <Cell><Data ss:Type="String">free safe memory %d</Data></Cell>
    <Cell><Data ss:Type="String">free safe memory %d</Data></Cell>
   </Row>
   <Row ss:AutoFitHeight="0">
    <Cell><Data ss:Type="String">free main memory %d</Data></Cell>
    <Cell><Data ss:Type="String">Memoire de base libre %d</Data></Cell>
    <Cell><Data ss:Type="String">free main memory %d</Data></Cell>
    <Cell><Data ss:Type="String">free main memory %d</Data></Cell>
    <Cell><Data ss:Type="String">free main memory %d</Data></Cell>
   </Row>
   <Row ss:AutoFitHeight="0">
    <Cell><Data ss:Type="String">An allocation error has occured whilst trying to display another memory error</Data></Cell>
    <Cell><Data ss:Type="String">Une erreur d'allocation est venu en essayant d'afficher une erruer precedente</Data></Cell>
    <Cell><Data ss:Type="String">An allocation error has occured whilst trying to display another memory error</Data></Cell>
    <Cell><Data ss:Type="String">An allocation error has occured whilst trying to display another memory error</Data></Cell>
    <Cell><Data ss:Type="String">An allocation error has occured whilst trying to display another memory error</Data></Cell>
   </Row>
   <Row ss:AutoFitHeight="0">
    <Cell><Data ss:Type="String">Original error was class %d code %d</Data></Cell>
    <Cell><Data ss:Type="String">L'erreur d'origine etait class %d code %d</Data></Cell>
    <Cell><Data ss:Type="String">Original error was class %d code %d</Data></Cell>
    <Cell><Data ss:Type="String">Original error was class %d code %d</Data></Cell>
    <Cell><Data ss:Type="String">Original error was class %d code %d</Data></Cell>
   </Row>
   <Row ss:AutoFitHeight="0">
    <Cell><Data ss:Type="String">No debug memory exists to display a windowed message !!</Data></Cell>
    <Cell><Data ss:Type="String">Il n'y a de memoire securiser pour afficher a message dans une fenetre!!</Data></Cell>
    <Cell><Data ss:Type="String">No debug memory exists to display a windowed message !!</Data></Cell>
    <Cell><Data ss:Type="String">No debug memory exists to display a windowed message !!</Data></Cell>
    <Cell><Data ss:Type="String">No debug memory exists to display a windowed message !!</Data></Cell>
   </Row>
   <Row ss:AutoFitHeight="0">
    <Cell><Data ss:Type="String">Memory Allocation Failure</Data></Cell>
    <Cell><Data ss:Type="String">Allocation memoire Echoue</Data></Cell>
    <Cell><Data ss:Type="String">Memory Allocation Failure</Data></Cell>
    <Cell><Data ss:Type="String">Memory Allocation Failure</Data></Cell>
    <Cell><Data ss:Type="String">Memory Allocation Failure</Data></Cell>
   </Row>
   <Row ss:AutoFitHeight="0">
    <Cell><Data ss:Type="String">Error Class %d code %x</Data></Cell>
    <Cell><Data ss:Type="String">Erreur Class %d code %x</Data></Cell>
    <Cell><Data ss:Type="String">Error Class %d code %x</Data></Cell>
    <Cell><Data ss:Type="String">Error Class %d code %x</Data></Cell>
    <Cell><Data ss:Type="String">Error Class %d code %x</Data></Cell>
   </Row>
   <Row ss:AutoFitHeight="0">
    <Cell><Data ss:Type="String">Last Window executed %s</Data></Cell>
    <Cell><Data ss:Type="String">Derniere Fenetre executer %s</Data></Cell>
    <Cell><Data ss:Type="String">Last Window executed %s</Data></Cell>
    <Cell><Data ss:Type="String">Last Window executed %s</Data></Cell>
    <Cell><Data ss:Type="String">Last Window executed %s</Data></Cell>
   </Row>
   <Row ss:AutoFitHeight="0">
    <Cell><Data ss:Type="String">Last Handler executed %s</Data></Cell>
    <Cell><Data ss:Type="String">Derniere Handler executer %s</Data></Cell>
    <Cell><Data ss:Type="String">Last Handler executed %s</Data></Cell>
    <Cell><Data ss:Type="String">Last Handler executed %s</Data></Cell>
    <Cell><Data ss:Type="String">Last Handler executed %s</Data></Cell>
   </Row>
   <Row ss:AutoFitHeight="0">
    <Cell><Data ss:Type="String">Switching to basic error handler</Data></Cell>
    <Cell><Data ss:Type="String">Basculer vers les gestion des erreur de base</Data></Cell>
    <Cell><Data ss:Type="String">Switching to basic error handler</Data></Cell>
    <Cell><Data ss:Type="String">Switching to basic error handler</Data></Cell>
    <Cell><Data ss:Type="String">Switching to basic error handler</Data></Cell>
   </Row>
   <Row ss:AutoFitHeight="0">
    <Cell><Data ss:Type="String">List Damaged</Data></Cell>
    <Cell><Data ss:Type="String">Liste casse</Data></Cell>
    <Cell><Data ss:Type="String">List Damaged</Data></Cell>
    <Cell><Data ss:Type="String">List Damaged</Data></Cell>
    <Cell><Data ss:Type="String">List Damaged</Data></Cell>
   </Row>
   <Row ss:AutoFitHeight="0">
    <Cell><Data ss:Type="String">Error %x</Data></Cell>
    <Cell><Data ss:Type="String">Erreur %x</Data></Cell>
    <Cell><Data ss:Type="String">Error %x</Data></Cell>
    <Cell><Data ss:Type="String">Error %x</Data></Cell>
    <Cell><Data ss:Type="String">Error %x</Data></Cell>
   </Row>
   <Row ss:AutoFitHeight="0">
    <Cell><Data ss:Type="String">Debug Monitor</Data></Cell>
    <Cell><Data ss:Type="String">Monitor d'erreur</Data></Cell>
    <Cell><Data ss:Type="String">Debug Monitor</Data></Cell>
    <Cell><Data ss:Type="String">Debug Monitor</Data></Cell>
    <Cell><Data ss:Type="String">Debug Monitor</Data></Cell>
   </Row>
   <Row ss:AutoFitHeight="0">
    <Cell><Data ss:Type="String">Do not open any more error windows</Data></Cell>
    <Cell><Data ss:Type="String">N'ouvrir plus fenetre d'erreur</Data></Cell>
    <Cell><Data ss:Type="String">Do not open any more error windows</Data></Cell>
    <Cell><Data ss:Type="String">Do not open any more error windows</Data></Cell>
    <Cell><Data ss:Type="String">Do not open any more error windows</Data></Cell>
   </Row>
   <Row ss:AutoFitHeight="0">
    <Cell><Data ss:Type="String">Exit Now</Data></Cell>
    <Cell><Data ss:Type="String">Quitter tout de suite</Data></Cell>
    <Cell><Data ss:Type="String">Exit Now</Data></Cell>
    <Cell><Data ss:Type="String">Exit Now</Data></Cell>
    <Cell><Data ss:Type="String">Exit Now</Data></Cell>
   </Row>
  </Table>
  <WorksheetOptions xmlns="urn:schemas-microsoft-com:office:excel">
   <PageSetup>
    <Header x:Margin="0.4921259845"/>
    <Footer x:Margin="0.4921259845"/>
    <PageMargins x:Bottom="0.984251969" x:Left="0.78740157499999996"
     x:Right="0.78740157499999996" x:Top="0.984251969"/>
   </PageSetup>
   <Unsynced/>
   <Selected/>
   <Panes>
    <Pane>
     <Number>3</Number>
     <ActiveRow>17</ActiveRow>
     <ActiveCol>1</ActiveCol>
    </Pane>
   </Panes>
   <ProtectObjects>False</ProtectObjects>
   <ProtectScenarios>False</ProtectScenarios>
  </WorksheetOptions>
 </Worksheet>
</Workbook>
